{"type":"FeatureCollection","features":[{"type":"Feature","geometry":{"type":"Point","coordinates":[-122.255578,37.797088]},"properties":{"id":2618202}},{"type":"Feature","geometry":{"type":"Point","coordinates":[-122.271625,37.796816]},"properties":{"id":2617180}},{"type":"Feature","geometry":{"type":"Point","coordinates":[-122.267124,37.796835]},"properties":{"id":2617181}},{"type":"Feature","geometry":{"type":"Point","coordinates":[-122.267041,37.796773]},"properties":{"id":2617182}},{"type":"Feature","geometry":{"type":"Point","coordinates":[-122.260672,37.796838]},"properties":{"id":2618205}},{"type":"Feature","geometry":{"type":"Point","coordinates":[-122.266936,37.796738]},"properties":{"id":2617183}},{"type":"Feature","geometry":{"type":"Point","coordinates":[-122.264691,37.795824]},"properties":{"id":2617203}},{"type":"Feature","geometry":{"type":"Point","coordinates":[-122.257408,37.79592]},"properties":{"id":2618215}},{"type":"Feature","geometry":{"type":"Point","coordinates":[-122.255636,37.795936]},"properties":{"id":2618216}},{"type":"Feature","geometry":{"type":"Point","coordinates":[-122.257548,37.795895]},"properties":{"id":2618217}},{"type":"Feature","geometry":{"type":"Point","coordinates":[-122.270828,37.795675]},"properties":{"id":2617205}},{"type":"Feature","geometry":{"type":"Point","coordinates":[-122.270772,37.795675]},"properties":{"id":2617206}},{"type":"Feature","geometry":{"type":"Point","coordinates":[-122.270677,37.795675]},"properties":{"id":2617207}},{"type":"Feature","geometry":{"type":"Point","coordinates":[-122.25923,37.795831]},"properties":{"id":2618218}},{"type":"Feature","geometry":{"type":"Point","coordinates":[-122.270599,37.795648]},"properties":{"id":2617208}},{"type":"Feature","geometry":{"type":"Point","coordinates":[-122.255614,37.795872]},"properties":{"id":2618219}},{"type":"Feature","geometry":{"type":"Point","coordinates":[-122.260067,37.795783]},"properties":{"id":2618220}},{"type":"Feature","geometry":{"type":"Point","coordinates":[-122.267921,37.793517]},"properties":{"id":2517116}},{"type":"Feature","geometry":{"type":"Point","coordinates":[-122.259644,37.79364]},"properties":{"id":2518111}},{"type":"Feature","geometry":{"type":"Point","coordinates":[-122.272303,37.79345]},"properties":{"id":2517117}},{"type":"Feature","geometry":{"type":"Point","coordinates":[-122.27144,37.80989]},"properties":{"id":2817119}},{"type":"Feature","geometry":{"type":"Point","coordinates":[-122.266848,37.809959]},"properties":{"id":2817120}},{"type":"Feature","geometry":{"type":"Point","coordinates":[-122.271396,37.809862]},"properties":{"id":2817121}},{"type":"Feature","geometry":{"type":"Point","coordinates":[-122.266855,37.809925]},"properties":{"id":2817122}},{"type":"Feature","geometry":{"type":"Point","coordinates":[-122.266552,37.809923]},"properties":{"id":2817123}},{"type":"Feature","geometry":{"type":"Point","coordinates":[-122.271456,37.809828]},"properties":{"id":2817124}},{"type":"Feature","geometry":{"type":"Point","coordinates":[-122.266555,37.809887]},"properties":{"id":2817125}},{"type":"Feature","geometry":{"type":"Point","coordinates":[-122.265759,37.809889]},"properties":{"id":2817126}},{"type":"Feature","geometry":{"type":"Point","coordinates":[-122.271474,37.80979]},"properties":{"id":2817127}},{"type":"Feature","geometry":{"type":"Point","coordinates":[-122.269556,37.809783]},"properties":{"id":2817128}},{"type":"Feature","geometry":{"type":"Point","coordinates":[-122.269693,37.809729]},"properties":{"id":2817129}},{"type":"Feature","geometry":{"type":"Point","coordinates":[-122.269658,37.80972]},"properties":{"id":2817130}},{"type":"Feature","geometry":{"type":"Point","coordinates":[-122.265728,37.809774]},"properties":{"id":2817131}},{"type":"Feature","geometry":{"type":"Point","coordinates":[-122.255619,37.809908]},"properties":{"id":2818121}},{"type":"Feature","geometry":{"type":"Point","coordinates":[-122.263032,37.809451]},"properties":{"id":2818122}},{"type":"Feature","geometry":{"type":"Point","coordinates":[-122.26264,37.8094]},"properties":{"id":2818123}},{"type":"Feature","geometry":{"type":"Point","coordinates":[-122.268203,37.809301]},"properties":{"id":2817146}},{"type":"Feature","geometry":{"type":"Point","coordinates":[-122.262529,37.809376]},"properties":{"id":2818124}},{"type":"Feature","geometry":{"type":"Point","coordinates":[-122.263082,37.809344]},"properties":{"id":2817147}},{"type":"Feature","geometry":{"type":"Point","coordinates":[-122.263081,37.80933]},"properties":{"id":2817148}},{"type":"Feature","geometry":{"type":"Point","coordinates":[-122.263336,37.809322]},"properties":{"id":2817150}},{"type":"Feature","geometry":{"type":"Point","coordinates":[-122.267978,37.809242]},"properties":{"id":2817151}},{"type":"Feature","geometry":{"type":"Point","coordinates":[-122.26416,37.8081]},"properties":{"id":2817190}},{"type":"Feature","geometry":{"type":"Point","coordinates":[-122.268936,37.807948]},"properties":{"id":2817191}},{"type":"Feature","geometry":{"type":"Point","coordinates":[-122.263434,37.808]},"properties":{"id":2817192}},{"type":"Feature","geometry":{"type":"Point","coordinates":[-122.264598,37.807955]},"properties":{"id":2817193}},{"type":"Feature","geometry":{"type":"Point","coordinates":[-122.263048,37.807927]},"properties":{"id":2817194}},{"type":"Feature","geometry":{"type":"Point","coordinates":[-122.263811,37.807888]},"properties":{"id":2817195}},{"type":"Feature","geometry":{"type":"Point","coordinates":[-122.263101,37.809281]},"properties":{"id":2817152}},{"type":"Feature","geometry":{"type":"Point","coordinates":[-122.26311,37.809234]},"properties":{"id":2817153}},{"type":"Feature","geometry":{"type":"Point","coordinates":[-122.262583,37.809195]},"properties":{"id":2818125}},{"type":"Feature","geometry":{"type":"Point","coordinates":[-122.27302,37.809004]},"properties":{"id":2817154}},{"type":"Feature","geometry":{"type":"Point","coordinates":[-122.269909,37.809038]},"properties":{"id":2817155}},{"type":"Feature","geometry":{"type":"Point","coordinates":[-122.269825,37.809003]},"properties":{"id":2817156}},{"type":"Feature","geometry":{"type":"Point","coordinates":[-122.269919,37.808962]},"properties":{"id":2817157}},{"type":"Feature","geometry":{"type":"Point","coordinates":[-122.268291,37.808978]},"properties":{"id":2817158}},{"type":"Feature","geometry":{"type":"Point","coordinates":[-122.263875,37.807767]},"properties":{"id":2817204}},{"type":"Feature","geometry":{"type":"Point","coordinates":[-122.268881,37.80767]},"properties":{"id":2817205}},{"type":"Feature","geometry":{"type":"Point","coordinates":[-122.270148,37.807621]},"properties":{"id":2817206}},{"type":"Feature","geometry":{"type":"Point","coordinates":[-122.262969,37.807711]},"properties":{"id":2818137}},{"type":"Feature","geometry":{"type":"Point","coordinates":[-122.269019,37.807605]},"properties":{"id":2817207}},{"type":"Feature","geometry":{"type":"Point","coordinates":[-122.270244,37.80757]},"properties":{"id":2817208}},{"type":"Feature","geometry":{"type":"Point","coordinates":[-122.268361,37.807445]},"properties":{"id":2817209}},{"type":"Feature","geometry":{"type":"Point","coordinates":[-122.26364,37.807503]},"properties":{"id":2817210}},{"type":"Feature","geometry":{"type":"Point","coordinates":[-122.268403,37.807379]},"properties":{"id":2817211}},{"type":"Feature","geometry":{"type":"Point","coordinates":[-122.26493,37.80729]},"properties":{"id":2817212}},{"type":"Feature","geometry":{"type":"Point","coordinates":[-122.264859,37.807261]},"properties":{"id":2817213}},{"type":"Feature","geometry":{"type":"Point","coordinates":[-122.263007,37.807151]},"properties":{"id":2818149}},{"type":"Feature","geometry":{"type":"Point","coordinates":[-122.263362,37.80714]},"properties":{"id":2817214}},{"type":"Feature","geometry":{"type":"Point","coordinates":[-122.272173,37.806997]},"properties":{"id":2817215}},{"type":"Feature","geometry":{"type":"Point","coordinates":[-122.272262,37.806978]},"properties":{"id":2817216}},{"type":"Feature","geometry":{"type":"Point","coordinates":[-122.263226,37.807096]},"properties":{"id":2817217}},{"type":"Feature","geometry":{"type":"Point","coordinates":[-122.263365,37.807051]},"properties":{"id":2817218}},{"type":"Feature","geometry":{"type":"Point","coordinates":[-122.273242,37.80583]},"properties":{"id":2817257}},{"type":"Feature","geometry":{"type":"Point","coordinates":[-122.270433,37.80585]},"properties":{"id":2817258}},{"type":"Feature","geometry":{"type":"Point","coordinates":[-122.270278,37.805788]},"properties":{"id":2817259}},{"type":"Feature","geometry":{"type":"Point","coordinates":[-122.267469,37.805728]},"properties":{"id":2817260}},{"type":"Feature","geometry":{"type":"Point","coordinates":[-122.267493,37.805717]},"properties":{"id":2817261}},{"type":"Feature","geometry":{"type":"Point","coordinates":[-122.267269,37.80568]},"properties":{"id":2817262}},{"type":"Feature","geometry":{"type":"Point","coordinates":[-122.267343,37.805667]},"properties":{"id":2817263}},{"type":"Feature","geometry":{"type":"Point","coordinates":[-122.267483,37.805662]},"properties":{"id":2817264}},{"type":"Feature","geometry":{"type":"Point","coordinates":[-122.267252,37.805637]},"properties":{"id":2817265}},{"type":"Feature","geometry":{"type":"Point","coordinates":[-122.263083,37.805595]},"properties":{"id":2817266}},{"type":"Feature","geometry":{"type":"Point","coordinates":[-122.271097,37.80546]},"properties":{"id":2817267}},{"type":"Feature","geometry":{"type":"Point","coordinates":[-122.270715,37.805403]},"properties":{"id":2817268}},{"type":"Feature","geometry":{"type":"Point","coordinates":[-122.271803,37.805358]},"properties":{"id":2817269}},{"type":"Feature","geometry":{"type":"Point","coordinates":[-122.271628,37.805329]},"properties":{"id":2817270}},{"type":"Feature","geometry":{"type":"Point","coordinates":[-122.263206,37.805444]},"properties":{"id":2817271}},{"type":"Feature","geometry":{"type":"Point","coordinates":[-122.263075,37.805329]},"properties":{"id":2817272}},{"type":"Feature","geometry":{"type":"Point","coordinates":[-122.266322,37.805256]},"properties":{"id":2817273}},{"type":"Feature","geometry":{"type":"Point","coordinates":[-122.27052,37.805177]},"properties":{"id":2817274}},{"type":"Feature","geometry":{"type":"Point","coordinates":[-122.264369,37.807847]},"properties":{"id":2817196}},{"type":"Feature","geometry":{"type":"Point","coordinates":[-122.265556,37.80638]},"properties":{"id":2817239}},{"type":"Feature","geometry":{"type":"Point","coordinates":[-122.272034,37.806265]},"properties":{"id":2817240}},{"type":"Feature","geometry":{"type":"Point","coordinates":[-122.261888,37.805209]},"properties":{"id":2818155}},{"type":"Feature","geometry":{"type":"Point","coordinates":[-122.264968,37.80509]},"properties":{"id":2817275}},{"type":"Feature","geometry":{"type":"Point","coordinates":[-122.261994,37.805095]},"properties":{"id":2818156}},{"type":"Feature","geometry":{"type":"Point","coordinates":[-122.269317,37.804694]},"properties":{"id":2717249}},{"type":"Feature","geometry":{"type":"Point","coordinates":[-122.269513,37.804774]},"properties":{"id":2717101}},{"type":"Feature","geometry":{"type":"Point","coordinates":[-122.272142,37.804618]},"properties":{"id":2717102}},{"type":"Feature","geometry":{"type":"Point","coordinates":[-122.271693,37.804604]},"properties":{"id":2717103}},{"type":"Feature","geometry":{"type":"Point","coordinates":[-122.263641,37.804674]},"properties":{"id":2717104}},{"type":"Feature","geometry":{"type":"Point","coordinates":[-122.260936,37.79837]},"properties":{"id":2618152}},{"type":"Feature","geometry":{"type":"Point","coordinates":[-122.270651,37.798208]},"properties":{"id":2617140}},{"type":"Feature","geometry":{"type":"Point","coordinates":[-122.25715,37.798389]},"properties":{"id":2618153}},{"type":"Feature","geometry":{"type":"Point","coordinates":[-122.270572,37.798177]},"properties":{"id":2617141}},{"type":"Feature","geometry":{"type":"Point","coordinates":[-122.262371,37.796688]},"properties":{"id":2618206}},{"type":"Feature","geometry":{"type":"Point","coordinates":[-122.272911,37.796511]},"properties":{"id":2617184}},{"type":"Feature","geometry":{"type":"Point","coordinates":[-122.26441,37.796612]},"properties":{"id":2617337}},{"type":"Feature","geometry":{"type":"Point","coordinates":[-122.272965,37.796475]},"properties":{"id":2617186}},{"type":"Feature","geometry":{"type":"Point","coordinates":[-122.273005,37.796464]},"properties":{"id":2617187}},{"type":"Feature","geometry":{"type":"Point","coordinates":[-122.268787,37.796523]},"properties":{"id":2617188}},{"type":"Feature","geometry":{"type":"Point","coordinates":[-122.260118,37.796618]},"properties":{"id":2618207}},{"type":"Feature","geometry":{"type":"Point","coordinates":[-122.268687,37.796477]},"properties":{"id":2617189}},{"type":"Feature","geometry":{"type":"Point","coordinates":[-122.260191,37.7965]},"properties":{"id":2618209}},{"type":"Feature","geometry":{"type":"Point","coordinates":[-122.270318,37.796344]},"properties":{"id":2617190}},{"type":"Feature","geometry":{"type":"Point","coordinates":[-122.266231,37.798226]},"properties":{"id":2617142}},{"type":"Feature","geometry":{"type":"Point","coordinates":[-122.255334,37.797234]},"properties":{"id":2618197}},{"type":"Feature","geometry":{"type":"Point","coordinates":[-122.265487,37.797078]},"properties":{"id":2617177}},{"type":"Feature","geometry":{"type":"Point","coordinates":[-122.269865,37.796951]},"properties":{"id":2617178}},{"type":"Feature","geometry":{"type":"Point","coordinates":[-122.265485,37.796997]},"properties":{"id":2617179}},{"type":"Feature","geometry":{"type":"Point","coordinates":[-122.257696,37.797064]},"properties":{"id":2618201}},{"type":"Feature","geometry":{"type":"Point","coordinates":[-122.272334,37.793388]},"properties":{"id":2517118}},{"type":"Feature","geometry":{"type":"Point","coordinates":[-122.259874,37.79356]},"properties":{"id":2518114}},{"type":"Feature","geometry":{"type":"Point","coordinates":[-122.25979,37.793524]},"properties":{"id":2518116}},{"type":"Feature","geometry":{"type":"Point","coordinates":[-122.26925,37.793367]},"properties":{"id":2517119}},{"type":"Feature","geometry":{"type":"Point","coordinates":[-122.26918,37.793334]},"properties":{"id":2517120}},{"type":"Feature","geometry":{"type":"Point","coordinates":[-122.269082,37.793295]},"properties":{"id":2517121}},{"type":"Feature","geometry":{"type":"Point","coordinates":[-122.27181,37.793246]},"properties":{"id":2517122}},{"type":"Feature","geometry":{"type":"Point","coordinates":[-122.259602,37.793429]},"properties":{"id":2518117}},{"type":"Feature","geometry":{"type":"Point","coordinates":[-122.259664,37.793388]},"properties":{"id":2518118}},{"type":"Feature","geometry":{"type":"Point","coordinates":[-122.268419,37.808929]},"properties":{"id":2817159}},{"type":"Feature","geometry":{"type":"Point","coordinates":[-122.268234,37.808845]},"properties":{"id":2817160}},{"type":"Feature","geometry":{"type":"Point","coordinates":[-122.255981,37.80736]},"properties":{"id":2818146}},{"type":"Feature","geometry":{"type":"Point","coordinates":[-122.267071,37.808712]},"properties":{"id":2817161}},{"type":"Feature","geometry":{"type":"Point","coordinates":[-122.263213,37.808761]},"properties":{"id":2817162}},{"type":"Feature","geometry":{"type":"Point","coordinates":[-122.269248,37.793238]},"properties":{"id":2517123}},{"type":"Feature","geometry":{"type":"Point","coordinates":[-122.26922,37.793227]},"properties":{"id":2517124}},{"type":"Feature","geometry":{"type":"Point","coordinates":[-122.270863,37.793182]},"properties":{"id":2517125}},{"type":"Feature","geometry":{"type":"Point","coordinates":[-122.270773,37.793149]},"properties":{"id":2517126}},{"type":"Feature","geometry":{"type":"Point","coordinates":[-122.27067,37.793115]},"properties":{"id":2517127}},{"type":"Feature","geometry":{"type":"Point","coordinates":[-122.266462,37.793162]},"properties":{"id":2517128}},{"type":"Feature","geometry":{"type":"Point","coordinates":[-122.266378,37.793124]},"properties":{"id":2517129}},{"type":"Feature","geometry":{"type":"Point","coordinates":[-122.266287,37.793099]},"properties":{"id":2517130}},{"type":"Feature","geometry":{"type":"Point","coordinates":[-122.257669,37.79318]},"properties":{"id":2518119}},{"type":"Feature","geometry":{"type":"Point","coordinates":[-122.260227,37.793132]},"properties":{"id":2518120}},{"type":"Feature","geometry":{"type":"Point","coordinates":[-122.272525,37.792907]},"properties":{"id":2517131}},{"type":"Feature","geometry":{"type":"Point","coordinates":[-122.263883,37.793027]},"properties":{"id":2517132}},{"type":"Feature","geometry":{"type":"Point","coordinates":[-122.268131,37.792925]},"properties":{"id":2517133}},{"type":"Feature","geometry":{"type":"Point","coordinates":[-122.257483,37.793076]},"properties":{"id":2518122}},{"type":"Feature","geometry":{"type":"Point","coordinates":[-122.257844,37.793057]},"properties":{"id":2518123}},{"type":"Feature","geometry":{"type":"Point","coordinates":[-122.269476,37.792826]},"properties":{"id":2517134}},{"type":"Feature","geometry":{"type":"Point","coordinates":[-122.255967,37.793022]},"properties":{"id":2518124}},{"type":"Feature","geometry":{"type":"Point","coordinates":[-122.269612,37.792795]},"properties":{"id":2517136}},{"type":"Feature","geometry":{"type":"Point","coordinates":[-122.269423,37.792795]},"properties":{"id":2517137}},{"type":"Feature","geometry":{"type":"Point","coordinates":[-122.272505,37.792725]},"properties":{"id":2517138}},{"type":"Feature","geometry":{"type":"Point","coordinates":[-122.268092,37.792781]},"properties":{"id":2517139}},{"type":"Feature","geometry":{"type":"Point","coordinates":[-122.25575,37.792942]},"properties":{"id":2518127}},{"type":"Feature","geometry":{"type":"Point","coordinates":[-122.269603,37.795206]},"properties":{"id":2617223}},{"type":"Feature","geometry":{"type":"Point","coordinates":[-122.270894,37.795176]},"properties":{"id":2617224}},{"type":"Feature","geometry":{"type":"Point","coordinates":[-122.269404,37.795174]},"properties":{"id":2617225}},{"type":"Feature","geometry":{"type":"Point","coordinates":[-122.265255,37.795187]},"properties":{"id":2617226}},{"type":"Feature","geometry":{"type":"Point","coordinates":[-122.269556,37.795112]},"properties":{"id":2617227}},{"type":"Feature","geometry":{"type":"Point","coordinates":[-122.265116,37.795139]},"properties":{"id":2617228}},{"type":"Feature","geometry":{"type":"Point","coordinates":[-122.271087,37.795017]},"properties":{"id":2617229}},{"type":"Feature","geometry":{"type":"Point","coordinates":[-122.271251,37.794993]},"properties":{"id":2617230}},{"type":"Feature","geometry":{"type":"Point","coordinates":[-122.265152,37.795079]},"properties":{"id":2617231}},{"type":"Feature","geometry":{"type":"Point","coordinates":[-122.270984,37.794975]},"properties":{"id":2617232}},{"type":"Feature","geometry":{"type":"Point","coordinates":[-122.256581,37.795182]},"properties":{"id":2618226}},{"type":"Feature","geometry":{"type":"Point","coordinates":[-122.256432,37.795137]},"properties":{"id":2618228}},{"type":"Feature","geometry":{"type":"Point","coordinates":[-122.26509,37.795004]},"properties":{"id":2617233}},{"type":"Feature","geometry":{"type":"Point","coordinates":[-122.266865,37.794972]},"properties":{"id":2617234}},{"type":"Feature","geometry":{"type":"Point","coordinates":[-122.266674,37.794971]},"properties":{"id":2617235}},{"type":"Feature","geometry":{"type":"Point","coordinates":[-122.263363,37.795004]},"properties":{"id":2617236}},{"type":"Feature","geometry":{"type":"Point","coordinates":[-122.273062,37.794851]},"properties":{"id":2617237}},{"type":"Feature","geometry":{"type":"Point","coordinates":[-122.271342,37.794874]},"properties":{"id":2617238}},{"type":"Feature","geometry":{"type":"Point","coordinates":[-122.266597,37.794928]},"properties":{"id":2617239}},{"type":"Feature","geometry":{"type":"Point","coordinates":[-122.271209,37.794826]},"properties":{"id":2617240}},{"type":"Feature","geometry":{"type":"Point","coordinates":[-122.269822,37.794811]},"properties":{"id":2617242}},{"type":"Feature","geometry":{"type":"Point","coordinates":[-122.27265,37.794726]},"properties":{"id":2617243}},{"type":"Feature","geometry":{"type":"Point","coordinates":[-122.269776,37.794759]},"properties":{"id":2617244}},{"type":"Feature","geometry":{"type":"Point","coordinates":[-122.269658,37.79475]},"properties":{"id":2617245}},{"type":"Feature","geometry":{"type":"Point","coordinates":[-122.266767,37.792253]},"properties":{"id":2517151}},{"type":"Feature","geometry":{"type":"Point","coordinates":[-122.258374,37.792357]},"properties":{"id":2518139}},{"type":"Feature","geometry":{"type":"Point","coordinates":[-122.255026,37.79239]},"properties":{"id":2518140}},{"type":"Feature","geometry":{"type":"Point","coordinates":[-122.257417,37.791968]},"properties":{"id":2518155}},{"type":"Feature","geometry":{"type":"Point","coordinates":[-122.267266,37.791764]},"properties":{"id":2517160}},{"type":"Feature","geometry":{"type":"Point","coordinates":[-122.267331,37.791669]},"properties":{"id":2517161}},{"type":"Feature","geometry":{"type":"Point","coordinates":[-122.259755,37.791768]},"properties":{"id":2518156}},{"type":"Feature","geometry":{"type":"Point","coordinates":[-122.267096,37.791654]},"properties":{"id":2517208}},{"type":"Feature","geometry":{"type":"Point","coordinates":[-122.257729,37.791708]},"properties":{"id":2518157}},{"type":"Feature","geometry":{"type":"Point","coordinates":[-122.255883,37.791719]},"properties":{"id":2518159}},{"type":"Feature","geometry":{"type":"Point","coordinates":[-122.269786,37.809683]},"properties":{"id":2817132}},{"type":"Feature","geometry":{"type":"Point","coordinates":[-122.269704,37.809671]},"properties":{"id":2817133}},{"type":"Feature","geometry":{"type":"Point","coordinates":[-122.269439,37.809668]},"properties":{"id":2817134}},{"type":"Feature","geometry":{"type":"Point","coordinates":[-122.269715,37.809552]},"properties":{"id":2817136}},{"type":"Feature","geometry":{"type":"Point","coordinates":[-122.264272,37.809598]},"properties":{"id":2817137}},{"type":"Feature","geometry":{"type":"Point","coordinates":[-122.269816,37.809512]},"properties":{"id":2817138}},{"type":"Feature","geometry":{"type":"Point","coordinates":[-122.264837,37.809578]},"properties":{"id":2817139}},{"type":"Feature","geometry":{"type":"Point","coordinates":[-122.269703,37.809487]},"properties":{"id":2817140}},{"type":"Feature","geometry":{"type":"Point","coordinates":[-122.269753,37.809458]},"properties":{"id":2817141}},{"type":"Feature","geometry":{"type":"Point","coordinates":[-122.269712,37.809439]},"properties":{"id":2817142}},{"type":"Feature","geometry":{"type":"Point","coordinates":[-122.26948,37.809436]},"properties":{"id":2817143}},{"type":"Feature","geometry":{"type":"Point","coordinates":[-122.264283,37.809484]},"properties":{"id":2817144}},{"type":"Feature","geometry":{"type":"Point","coordinates":[-122.268112,37.809388]},"properties":{"id":2817145}},{"type":"Feature","geometry":{"type":"Point","coordinates":[-122.271443,37.809947]},"properties":{"id":2817118}},{"type":"Feature","geometry":{"type":"Point","coordinates":[-122.255773,37.809907]},"properties":{"id":2818119}},{"type":"Feature","geometry":{"type":"Point","coordinates":[-122.256175,37.809069]},"properties":{"id":2818126}},{"type":"Feature","geometry":{"type":"Point","coordinates":[-122.256223,37.80906]},"properties":{"id":2818128}},{"type":"Feature","geometry":{"type":"Point","coordinates":[-122.269425,37.80268]},"properties":{"id":2717145}},{"type":"Feature","geometry":{"type":"Point","coordinates":[-122.272131,37.80262]},"properties":{"id":2717146}},{"type":"Feature","geometry":{"type":"Point","coordinates":[-122.255997,37.807329]},"properties":{"id":2818148}},{"type":"Feature","geometry":{"type":"Point","coordinates":[-122.270941,37.802588]},"properties":{"id":2717147}},{"type":"Feature","geometry":{"type":"Point","coordinates":[-122.269161,37.802577]},"properties":{"id":2717149}},{"type":"Feature","geometry":{"type":"Point","coordinates":[-122.272531,37.802438]},"properties":{"id":2717150}},{"type":"Feature","geometry":{"type":"Point","coordinates":[-122.272465,37.802415]},"properties":{"id":2717151}},{"type":"Feature","geometry":{"type":"Point","coordinates":[-122.270887,37.80237]},"properties":{"id":2717152}},{"type":"Feature","geometry":{"type":"Point","coordinates":[-122.266495,37.802397]},"properties":{"id":2717154}},{"type":"Feature","geometry":{"type":"Point","coordinates":[-122.272374,37.802305]},"properties":{"id":2717155}},{"type":"Feature","geometry":{"type":"Point","coordinates":[-122.266574,37.802369]},"properties":{"id":2717156}},{"type":"Feature","geometry":{"type":"Point","coordinates":[-122.272255,37.802233]},"properties":{"id":2717157}},{"type":"Feature","geometry":{"type":"Point","coordinates":[-122.272434,37.802151]},"properties":{"id":2717158}},{"type":"Feature","geometry":{"type":"Point","coordinates":[-122.268211,37.802208]},"properties":{"id":2717159}},{"type":"Feature","geometry":{"type":"Point","coordinates":[-122.272337,37.802119]},"properties":{"id":2717160}},{"type":"Feature","geometry":{"type":"Point","coordinates":[-122.270412,37.806896]},"properties":{"id":2817219}},{"type":"Feature","geometry":{"type":"Point","coordinates":[-122.270352,37.806848]},"properties":{"id":2817220}},{"type":"Feature","geometry":{"type":"Point","coordinates":[-122.270313,37.806842]},"properties":{"id":2817221}},{"type":"Feature","geometry":{"type":"Point","coordinates":[-122.2668,37.806872]},"properties":{"id":2817222}},{"type":"Feature","geometry":{"type":"Point","coordinates":[-122.27042,37.806809]},"properties":{"id":2817223}},{"type":"Feature","geometry":{"type":"Point","coordinates":[-122.270142,37.806768]},"properties":{"id":2817224}},{"type":"Feature","geometry":{"type":"Point","coordinates":[-122.266634,37.806804]},"properties":{"id":2817225}},{"type":"Feature","geometry":{"type":"Point","coordinates":[-122.270191,37.80673]},"properties":{"id":2817226}},{"type":"Feature","geometry":{"type":"Point","coordinates":[-122.266564,37.806779]},"properties":{"id":2817227}},{"type":"Feature","geometry":{"type":"Point","coordinates":[-122.266565,37.806758]},"properties":{"id":2817228}},{"type":"Feature","geometry":{"type":"Point","coordinates":[-122.25595,37.806874]},"properties":{"id":2818153}},{"type":"Feature","geometry":{"type":"Point","coordinates":[-122.269821,37.806649]},"properties":{"id":2817230}},{"type":"Feature","geometry":{"type":"Point","coordinates":[-122.269888,37.806628]},"properties":{"id":2817231}},{"type":"Feature","geometry":{"type":"Point","coordinates":[-122.272919,37.806568]},"properties":{"id":2817232}},{"type":"Feature","geometry":{"type":"Point","coordinates":[-122.269632,37.806577]},"properties":{"id":2817233}},{"type":"Feature","geometry":{"type":"Point","coordinates":[-122.272809,37.806527]},"properties":{"id":2817234}},{"type":"Feature","geometry":{"type":"Point","coordinates":[-122.272737,37.806501]},"properties":{"id":2817235}},{"type":"Feature","geometry":{"type":"Point","coordinates":[-122.269576,37.806545]},"properties":{"id":2817236}},{"type":"Feature","geometry":{"type":"Point","coordinates":[-122.269667,37.80654]},"properties":{"id":2817237}},{"type":"Feature","geometry":{"type":"Point","coordinates":[-122.269744,37.802138]},"properties":{"id":2717161}},{"type":"Feature","geometry":{"type":"Point","coordinates":[-122.272641,37.802049]},"properties":{"id":2717162}},{"type":"Feature","geometry":{"type":"Point","coordinates":[-122.265336,37.801941]},"properties":{"id":2717166}},{"type":"Feature","geometry":{"type":"Point","coordinates":[-122.265399,37.801902]},"properties":{"id":2717167}},{"type":"Feature","geometry":{"type":"Point","coordinates":[-122.265238,37.801902]},"properties":{"id":2717168}},{"type":"Feature","geometry":{"type":"Point","coordinates":[-122.271266,37.801778]},"properties":{"id":2717169}},{"type":"Feature","geometry":{"type":"Point","coordinates":[-122.272982,37.801724]},"properties":{"id":2717170}},{"type":"Feature","geometry":{"type":"Point","coordinates":[-122.265242,37.801833]},"properties":{"id":2717171}},{"type":"Feature","geometry":{"type":"Point","coordinates":[-122.272875,37.801682]},"properties":{"id":2717172}},{"type":"Feature","geometry":{"type":"Point","coordinates":[-122.272733,37.801619]},"properties":{"id":2717173}},{"type":"Feature","geometry":{"type":"Point","coordinates":[-122.267039,37.801689]},"properties":{"id":2717174}},{"type":"Feature","geometry":{"type":"Point","coordinates":[-122.271424,37.801511]},"properties":{"id":2717175}},{"type":"Feature","geometry":{"type":"Point","coordinates":[-122.268655,37.801543]},"properties":{"id":2717176}},{"type":"Feature","geometry":{"type":"Point","coordinates":[-122.27126,37.801447]},"properties":{"id":2717177}},{"type":"Feature","geometry":{"type":"Point","coordinates":[-122.270097,37.801463]},"properties":{"id":2717178}},{"type":"Feature","geometry":{"type":"Point","coordinates":[-122.264249,37.801514]},"properties":{"id":2717179}},{"type":"Feature","geometry":{"type":"Point","coordinates":[-122.270028,37.801402]},"properties":{"id":2717180}},{"type":"Feature","geometry":{"type":"Point","coordinates":[-122.264209,37.801432]},"properties":{"id":2717181}},{"type":"Feature","geometry":{"type":"Point","coordinates":[-122.270158,37.801341]},"properties":{"id":2717182}},{"type":"Feature","geometry":{"type":"Point","coordinates":[-122.271555,37.801295]},"properties":{"id":2717183}},{"type":"Feature","geometry":{"type":"Point","coordinates":[-122.271405,37.801236]},"properties":{"id":2717184}},{"type":"Feature","geometry":{"type":"Point","coordinates":[-122.265856,37.801291]},"properties":{"id":2717185}},{"type":"Feature","geometry":{"type":"Point","coordinates":[-122.271693,37.801198]},"properties":{"id":2717186}},{"type":"Feature","geometry":{"type":"Point","coordinates":[-122.271781,37.80118]},"properties":{"id":2717187}},{"type":"Feature","geometry":{"type":"Point","coordinates":[-122.265779,37.801265]},"properties":{"id":2717188}},{"type":"Feature","geometry":{"type":"Point","coordinates":[-122.271709,37.801145]},"properties":{"id":2717189}},{"type":"Feature","geometry":{"type":"Point","coordinates":[-122.271717,37.801114]},"properties":{"id":2717190}},{"type":"Feature","geometry":{"type":"Point","coordinates":[-122.265819,37.801199]},"properties":{"id":2717191}},{"type":"Feature","geometry":{"type":"Point","coordinates":[-122.267063,37.808684]},"properties":{"id":2817163}},{"type":"Feature","geometry":{"type":"Point","coordinates":[-122.272929,37.808595]},"properties":{"id":2817164}},{"type":"Feature","geometry":{"type":"Point","coordinates":[-122.272762,37.808475]},"properties":{"id":2817165}},{"type":"Feature","geometry":{"type":"Point","coordinates":[-122.267214,37.808548]},"properties":{"id":2817166}},{"type":"Feature","geometry":{"type":"Point","coordinates":[-122.256064,37.807376]},"properties":{"id":2818145}},{"type":"Feature","geometry":{"type":"Point","coordinates":[-122.270097,37.808434]},"properties":{"id":2817167}},{"type":"Feature","geometry":{"type":"Point","coordinates":[-122.266243,37.808492]},"properties":{"id":2817168}},{"type":"Feature","geometry":{"type":"Point","coordinates":[-122.266054,37.808485]},"properties":{"id":2817169}},{"type":"Feature","geometry":{"type":"Point","coordinates":[-122.266008,37.808486]},"properties":{"id":2817170}},{"type":"Feature","geometry":{"type":"Point","coordinates":[-122.255144,37.807137]},"properties":{"id":2818150}},{"type":"Feature","geometry":{"type":"Point","coordinates":[-122.262817,37.808478]},"properties":{"id":2818135}},{"type":"Feature","geometry":{"type":"Point","coordinates":[-122.269981,37.80836]},"properties":{"id":2817171}},{"type":"Feature","geometry":{"type":"Point","coordinates":[-122.269882,37.808354]},"properties":{"id":2817172}},{"type":"Feature","geometry":{"type":"Point","coordinates":[-122.270136,37.808333]},"properties":{"id":2817173}},{"type":"Feature","geometry":{"type":"Point","coordinates":[-122.269971,37.808327]},"properties":{"id":2817174}},{"type":"Feature","geometry":{"type":"Point","coordinates":[-122.270032,37.808308]},"properties":{"id":2817175}},{"type":"Feature","geometry":{"type":"Point","coordinates":[-122.266003,37.808364]},"properties":{"id":2817176}},{"type":"Feature","geometry":{"type":"Point","coordinates":[-122.273333,37.808249]},"properties":{"id":2817177}},{"type":"Feature","geometry":{"type":"Point","coordinates":[-122.266174,37.808337]},"properties":{"id":2817179}},{"type":"Feature","geometry":{"type":"Point","coordinates":[-122.26606,37.808339]},"properties":{"id":2817180}},{"type":"Feature","geometry":{"type":"Point","coordinates":[-122.273186,37.808187]},"properties":{"id":2817181}},{"type":"Feature","geometry":{"type":"Point","coordinates":[-122.266217,37.80826]},"properties":{"id":2817183}},{"type":"Feature","geometry":{"type":"Point","coordinates":[-122.273406,37.808132]},"properties":{"id":2817184}},{"type":"Feature","geometry":{"type":"Point","coordinates":[-122.265979,37.808227]},"properties":{"id":2817185}},{"type":"Feature","geometry":{"type":"Point","coordinates":[-122.266043,37.808224]},"properties":{"id":2817186}},{"type":"Feature","geometry":{"type":"Point","coordinates":[-122.264245,37.808242]},"properties":{"id":2817187}},{"type":"Feature","geometry":{"type":"Point","coordinates":[-122.264842,37.808224]},"properties":{"id":2817188}},{"type":"Feature","geometry":{"type":"Point","coordinates":[-122.273133,37.808084]},"properties":{"id":2817189}},{"type":"Feature","geometry":{"type":"Point","coordinates":[-122.265346,37.806287]},"properties":{"id":2817242}},{"type":"Feature","geometry":{"type":"Point","coordinates":[-122.265379,37.806277]},"properties":{"id":2817243}},{"type":"Feature","geometry":{"type":"Point","coordinates":[-122.265432,37.806274]},"properties":{"id":2817244}},{"type":"Feature","geometry":{"type":"Point","coordinates":[-122.265359,37.806252]},"properties":{"id":2817245}},{"type":"Feature","geometry":{"type":"Point","coordinates":[-122.271742,37.806149]},"properties":{"id":2817246}},{"type":"Feature","geometry":{"type":"Point","coordinates":[-122.265322,37.806239]},"properties":{"id":2817247}},{"type":"Feature","geometry":{"type":"Point","coordinates":[-122.265435,37.806232]},"properties":{"id":2817248}},{"type":"Feature","geometry":{"type":"Point","coordinates":[-122.270539,37.806126]},"properties":{"id":2817249}},{"type":"Feature","geometry":{"type":"Point","coordinates":[-122.268453,37.806154]},"properties":{"id":2817250}},{"type":"Feature","geometry":{"type":"Point","coordinates":[-122.270612,37.806088]},"properties":{"id":2817251}},{"type":"Feature","geometry":{"type":"Point","coordinates":[-122.268445,37.806078]},"properties":{"id":2817252}},{"type":"Feature","geometry":{"type":"Point","coordinates":[-122.270573,37.806042]},"properties":{"id":2817253}},{"type":"Feature","geometry":{"type":"Point","coordinates":[-122.268401,37.806073]},"properties":{"id":2817254}},{"type":"Feature","geometry":{"type":"Point","coordinates":[-122.270545,37.80604]},"properties":{"id":2817255}},{"type":"Feature","geometry":{"type":"Point","coordinates":[-122.262481,37.806064]},"properties":{"id":2818154}},{"type":"Feature","geometry":{"type":"Point","coordinates":[-122.273126,37.805893]},"properties":{"id":2817256}},{"type":"Feature","geometry":{"type":"Point","coordinates":[-122.264375,37.807826]},"properties":{"id":2817197}},{"type":"Feature","geometry":{"type":"Point","coordinates":[-122.268834,37.807743]},"properties":{"id":2817198}},{"type":"Feature","geometry":{"type":"Point","coordinates":[-122.26348,37.80782]},"properties":{"id":2817200}},{"type":"Feature","geometry":{"type":"Point","coordinates":[-122.269199,37.807731]},"properties":{"id":2817201}},{"type":"Feature","geometry":{"type":"Point","coordinates":[-122.270203,37.807713]},"properties":{"id":2817202}},{"type":"Feature","geometry":{"type":"Point","coordinates":[-122.270115,37.807683]},"properties":{"id":2817203}},{"type":"Feature","geometry":{"type":"Point","coordinates":[-122.263755,37.80467]},"properties":{"id":2717105}},{"type":"Feature","geometry":{"type":"Point","coordinates":[-122.271352,37.804501]},"properties":{"id":2717106}},{"type":"Feature","geometry":{"type":"Point","coordinates":[-122.263567,37.804546]},"properties":{"id":2717107}},{"type":"Feature","geometry":{"type":"Point","coordinates":[-122.268261,37.804395]},"properties":{"id":2717108}},{"type":"Feature","geometry":{"type":"Point","coordinates":[-122.268304,37.804377]},"properties":{"id":2717109}},{"type":"Feature","geometry":{"type":"Point","coordinates":[-122.26835,37.80437]},"properties":{"id":2717110}},{"type":"Feature","geometry":{"type":"Point","coordinates":[-122.268143,37.804371]},"properties":{"id":2717111}},{"type":"Feature","geometry":{"type":"Point","coordinates":[-122.271404,37.804291]},"properties":{"id":2717113}},{"type":"Feature","geometry":{"type":"Point","coordinates":[-122.268107,37.804331]},"properties":{"id":2717114}},{"type":"Feature","geometry":{"type":"Point","coordinates":[-122.26804,37.804328]},"properties":{"id":2717115}},{"type":"Feature","geometry":{"type":"Point","coordinates":[-122.268088,37.804267]},"properties":{"id":2717116}},{"type":"Feature","geometry":{"type":"Point","coordinates":[-122.268213,37.804254]},"properties":{"id":2717117}},{"type":"Feature","geometry":{"type":"Point","coordinates":[-122.268057,37.804246]},"properties":{"id":2717118}},{"type":"Feature","geometry":{"type":"Point","coordinates":[-122.271185,37.804134]},"properties":{"id":2717119}},{"type":"Feature","geometry":{"type":"Point","coordinates":[-122.2672,37.803906]},"properties":{"id":2717120}},{"type":"Feature","geometry":{"type":"Point","coordinates":[-122.270134,37.8038]},"properties":{"id":2717121}},{"type":"Feature","geometry":{"type":"Point","coordinates":[-122.271791,37.803767]},"properties":{"id":2717122}},{"type":"Feature","geometry":{"type":"Point","coordinates":[-122.271683,37.803757]},"properties":{"id":2717123}},{"type":"Feature","geometry":{"type":"Point","coordinates":[-122.271856,37.803663]},"properties":{"id":2717124}},{"type":"Feature","geometry":{"type":"Point","coordinates":[-122.271779,37.803609]},"properties":{"id":2717125}},{"type":"Feature","geometry":{"type":"Point","coordinates":[-122.271726,37.803575]},"properties":{"id":2717126}},{"type":"Feature","geometry":{"type":"Point","coordinates":[-122.271842,37.803519]},"properties":{"id":2717127}},{"type":"Feature","geometry":{"type":"Point","coordinates":[-122.268621,37.803432]},"properties":{"id":2717129}},{"type":"Feature","geometry":{"type":"Point","coordinates":[-122.270662,37.803376]},"properties":{"id":2717130}},{"type":"Feature","geometry":{"type":"Point","coordinates":[-122.268583,37.803396]},"properties":{"id":2717131}},{"type":"Feature","geometry":{"type":"Point","coordinates":[-122.268664,37.803366]},"properties":{"id":2717133}},{"type":"Feature","geometry":{"type":"Point","coordinates":[-122.268716,37.803358]},"properties":{"id":2717134}},{"type":"Feature","geometry":{"type":"Point","coordinates":[-122.26898,37.803353]},"properties":{"id":2717135}},{"type":"Feature","geometry":{"type":"Point","coordinates":[-122.268821,37.803329]},"properties":{"id":2717136}},{"type":"Feature","geometry":{"type":"Point","coordinates":[-122.270476,37.803214]},"properties":{"id":2717137}},{"type":"Feature","geometry":{"type":"Point","coordinates":[-122.272096,37.803119]},"properties":{"id":2717138}},{"type":"Feature","geometry":{"type":"Point","coordinates":[-122.272028,37.803093]},"properties":{"id":2717139}},{"type":"Feature","geometry":{"type":"Point","coordinates":[-122.270554,37.803088]},"properties":{"id":2717140}},{"type":"Feature","geometry":{"type":"Point","coordinates":[-122.271863,37.803029]},"properties":{"id":2717141}},{"type":"Feature","geometry":{"type":"Point","coordinates":[-122.272286,37.802979]},"properties":{"id":2717142}},{"type":"Feature","geometry":{"type":"Point","coordinates":[-122.267788,37.802931]},"properties":{"id":2717143}},{"type":"Feature","geometry":{"type":"Point","coordinates":[-122.269784,37.801976]},"properties":{"id":2717163}},{"type":"Feature","geometry":{"type":"Point","coordinates":[-122.269691,37.801937]},"properties":{"id":2717164}},{"type":"Feature","geometry":{"type":"Point","coordinates":[-122.27138,37.801908]},"properties":{"id":2717165}},{"type":"Feature","geometry":{"type":"Point","coordinates":[-122.27172,37.801096]},"properties":{"id":2717192}},{"type":"Feature","geometry":{"type":"Point","coordinates":[-122.271685,37.801082]},"properties":{"id":2717193}},{"type":"Feature","geometry":{"type":"Point","coordinates":[-122.271891,37.801066]},"properties":{"id":2717194}},{"type":"Feature","geometry":{"type":"Point","coordinates":[-122.273157,37.800933]},"properties":{"id":2717196}},{"type":"Feature","geometry":{"type":"Point","coordinates":[-122.269011,37.800987]},"properties":{"id":2717197}},{"type":"Feature","geometry":{"type":"Point","coordinates":[-122.267452,37.801009]},"properties":{"id":2717198}},{"type":"Feature","geometry":{"type":"Point","coordinates":[-122.262885,37.801044]},"properties":{"id":2717199}},{"type":"Feature","geometry":{"type":"Point","coordinates":[-122.267345,37.800966]},"properties":{"id":2717200}},{"type":"Feature","geometry":{"type":"Point","coordinates":[-122.268951,37.800934]},"properties":{"id":2717201}},{"type":"Feature","geometry":{"type":"Point","coordinates":[-122.268834,37.800906]},"properties":{"id":2717202}},{"type":"Feature","geometry":{"type":"Point","coordinates":[-122.268955,37.8009]},"properties":{"id":2717203}},{"type":"Feature","geometry":{"type":"Point","coordinates":[-122.270498,37.80086]},"properties":{"id":2717204}},{"type":"Feature","geometry":{"type":"Point","coordinates":[-122.270466,37.800847]},"properties":{"id":2717205}},{"type":"Feature","geometry":{"type":"Point","coordinates":[-122.271886,37.800771]},"properties":{"id":2717206}},{"type":"Feature","geometry":{"type":"Point","coordinates":[-122.270524,37.800778]},"properties":{"id":2717207}},{"type":"Feature","geometry":{"type":"Point","coordinates":[-122.27176,37.800713]},"properties":{"id":2717208}},{"type":"Feature","geometry":{"type":"Point","coordinates":[-122.270493,37.800653]},"properties":{"id":2717209}},{"type":"Feature","geometry":{"type":"Point","coordinates":[-122.270593,37.800651]},"properties":{"id":2717210}},{"type":"Feature","geometry":{"type":"Point","coordinates":[-122.258143,37.797858]},"properties":{"id":2618175}},{"type":"Feature","geometry":{"type":"Point","coordinates":[-122.272228,37.800533]},"properties":{"id":2717211}},{"type":"Feature","geometry":{"type":"Point","coordinates":[-122.272062,37.800489]},"properties":{"id":2717212}},{"type":"Feature","geometry":{"type":"Point","coordinates":[-122.267751,37.800491]},"properties":{"id":2717213}},{"type":"Feature","geometry":{"type":"Point","coordinates":[-122.266264,37.800542]},"properties":{"id":2717214}},{"type":"Feature","geometry":{"type":"Point","coordinates":[-122.271963,37.800446]},"properties":{"id":2717215}},{"type":"Feature","geometry":{"type":"Point","coordinates":[-122.272052,37.800394]},"properties":{"id":2717216}},{"type":"Feature","geometry":{"type":"Point","coordinates":[-122.272122,37.80039]},"properties":{"id":2717217}},{"type":"Feature","geometry":{"type":"Point","coordinates":[-122.2708,37.80038]},"properties":{"id":2717218}},{"type":"Feature","geometry":{"type":"Point","coordinates":[-122.26768,37.800422]},"properties":{"id":2717219}},{"type":"Feature","geometry":{"type":"Point","coordinates":[-122.270765,37.800366]},"properties":{"id":2717220}},{"type":"Feature","geometry":{"type":"Point","coordinates":[-122.27222,37.800325]},"properties":{"id":2717221}},{"type":"Feature","geometry":{"type":"Point","coordinates":[-122.269311,37.800308]},"properties":{"id":2717222}},{"type":"Feature","geometry":{"type":"Point","coordinates":[-122.269444,37.800278]},"properties":{"id":2717223}},{"type":"Feature","geometry":{"type":"Point","coordinates":[-122.269316,37.800271]},"properties":{"id":2717224}},{"type":"Feature","geometry":{"type":"Point","coordinates":[-122.269362,37.800254]},"properties":{"id":2717225}},{"type":"Feature","geometry":{"type":"Point","coordinates":[-122.269419,37.800251]},"properties":{"id":2717226}},{"type":"Feature","geometry":{"type":"Point","coordinates":[-122.259068,37.798109]},"properties":{"id":2618164}},{"type":"Feature","geometry":{"type":"Point","coordinates":[-122.272309,37.797896]},"properties":{"id":2617150}},{"type":"Feature","geometry":{"type":"Point","coordinates":[-122.259592,37.798077]},"properties":{"id":2618165}},{"type":"Feature","geometry":{"type":"Point","coordinates":[-122.259418,37.798071]},"properties":{"id":2618166}},{"type":"Feature","geometry":{"type":"Point","coordinates":[-122.272083,37.797877]},"properties":{"id":2617151}},{"type":"Feature","geometry":{"type":"Point","coordinates":[-122.26932,37.800236]},"properties":{"id":2717227}},{"type":"Feature","geometry":{"type":"Point","coordinates":[-122.269269,37.800216]},"properties":{"id":2717228}},{"type":"Feature","geometry":{"type":"Point","coordinates":[-122.269366,37.800196]},"properties":{"id":2717229}},{"type":"Feature","geometry":{"type":"Point","coordinates":[-122.269324,37.800192]},"properties":{"id":2717230}},{"type":"Feature","geometry":{"type":"Point","coordinates":[-122.271045,37.800078]},"properties":{"id":2717231}},{"type":"Feature","geometry":{"type":"Point","coordinates":[-122.27077,37.800015]},"properties":{"id":2717233}},{"type":"Feature","geometry":{"type":"Point","coordinates":[-122.262861,37.800128]},"properties":{"id":2717234}},{"type":"Feature","geometry":{"type":"Point","coordinates":[-122.271015,37.799964]},"properties":{"id":2717235}},{"type":"Feature","geometry":{"type":"Point","coordinates":[-122.272556,37.799903]},"properties":{"id":2717236}},{"type":"Feature","geometry":{"type":"Point","coordinates":[-122.263379,37.799137]},"properties":{"id":2617127}},{"type":"Feature","geometry":{"type":"Point","coordinates":[-122.260813,37.799171]},"properties":{"id":2618113}},{"type":"Feature","geometry":{"type":"Point","coordinates":[-122.263865,37.799116]},"properties":{"id":2617128}},{"type":"Feature","geometry":{"type":"Point","coordinates":[-122.256275,37.799221]},"properties":{"id":2618114}},{"type":"Feature","geometry":{"type":"Point","coordinates":[-122.26242,37.799118]},"properties":{"id":2618115}},{"type":"Feature","geometry":{"type":"Point","coordinates":[-122.268571,37.799005]},"properties":{"id":2617129}},{"type":"Feature","geometry":{"type":"Point","coordinates":[-122.270201,37.798916]},"properties":{"id":2617130}},{"type":"Feature","geometry":{"type":"Point","coordinates":[-122.26171,37.799037]},"properties":{"id":2618117}},{"type":"Feature","geometry":{"type":"Point","coordinates":[-122.258429,37.799055]},"properties":{"id":2618118}},{"type":"Feature","geometry":{"type":"Point","coordinates":[-122.258363,37.799043]},"properties":{"id":2618119}},{"type":"Feature","geometry":{"type":"Point","coordinates":[-122.258302,37.799033]},"properties":{"id":2618120}},{"type":"Feature","geometry":{"type":"Point","coordinates":[-122.258882,37.799021]},"properties":{"id":2618121}},{"type":"Feature","geometry":{"type":"Point","coordinates":[-122.260249,37.798954]},"properties":{"id":2618122}},{"type":"Feature","geometry":{"type":"Point","coordinates":[-122.270189,37.798787]},"properties":{"id":2617131}},{"type":"Feature","geometry":{"type":"Point","coordinates":[-122.260927,37.79891]},"properties":{"id":2618123}},{"type":"Feature","geometry":{"type":"Point","coordinates":[-122.256162,37.798947]},"properties":{"id":2618125}},{"type":"Feature","geometry":{"type":"Point","coordinates":[-122.260907,37.798876]},"properties":{"id":2618126}},{"type":"Feature","geometry":{"type":"Point","coordinates":[-122.271866,37.7987]},"properties":{"id":2617132}},{"type":"Feature","geometry":{"type":"Point","coordinates":[-122.258607,37.798889]},"properties":{"id":2618127}},{"type":"Feature","geometry":{"type":"Point","coordinates":[-122.260828,37.798845]},"properties":{"id":2618128}},{"type":"Feature","geometry":{"type":"Point","coordinates":[-122.271823,37.798666]},"properties":{"id":2617133}},{"type":"Feature","geometry":{"type":"Point","coordinates":[-122.267411,37.798701]},"properties":{"id":2617134}},{"type":"Feature","geometry":{"type":"Point","coordinates":[-122.271666,37.798616]},"properties":{"id":2617135}},{"type":"Feature","geometry":{"type":"Point","coordinates":[-122.271634,37.798585]},"properties":{"id":2617136}},{"type":"Feature","geometry":{"type":"Point","coordinates":[-122.260346,37.798714]},"properties":{"id":2618129}},{"type":"Feature","geometry":{"type":"Point","coordinates":[-122.25917,37.798691]},"properties":{"id":2618130}},{"type":"Feature","geometry":{"type":"Point","coordinates":[-122.259611,37.79868]},"properties":{"id":2618131}},{"type":"Feature","geometry":{"type":"Point","coordinates":[-122.26185,37.798642]},"properties":{"id":2618132}},{"type":"Feature","geometry":{"type":"Point","coordinates":[-122.267391,37.798546]},"properties":{"id":2617137}},{"type":"Feature","geometry":{"type":"Point","coordinates":[-122.260963,37.798616]},"properties":{"id":2618133}},{"type":"Feature","geometry":{"type":"Point","coordinates":[-122.259013,37.798634]},"properties":{"id":2618134}},{"type":"Feature","geometry":{"type":"Point","coordinates":[-122.256992,37.798654]},"properties":{"id":2618135}},{"type":"Feature","geometry":{"type":"Point","coordinates":[-122.261832,37.798568]},"properties":{"id":2618136}},{"type":"Feature","geometry":{"type":"Point","coordinates":[-122.260209,37.79858]},"properties":{"id":2618137}},{"type":"Feature","geometry":{"type":"Point","coordinates":[-122.256978,37.798605]},"properties":{"id":2618138}},{"type":"Feature","geometry":{"type":"Point","coordinates":[-122.261161,37.798517]},"properties":{"id":2618275}},{"type":"Feature","geometry":{"type":"Point","coordinates":[-122.272534,37.799804]},"properties":{"id":2717237}},{"type":"Feature","geometry":{"type":"Point","coordinates":[-122.268153,37.79985]},"properties":{"id":2717238}},{"type":"Feature","geometry":{"type":"Point","coordinates":[-122.266716,37.799846]},"properties":{"id":2717240}},{"type":"Feature","geometry":{"type":"Point","coordinates":[-122.266593,37.799834]},"properties":{"id":2717241}},{"type":"Feature","geometry":{"type":"Point","coordinates":[-122.272549,37.799712]},"properties":{"id":2717242}},{"type":"Feature","geometry":{"type":"Point","coordinates":[-122.268105,37.799744]},"properties":{"id":2717243}},{"type":"Feature","geometry":{"type":"Point","coordinates":[-122.263864,37.799701]},"properties":{"id":2717244}},{"type":"Feature","geometry":{"type":"Point","coordinates":[-122.269869,37.799607]},"properties":{"id":2717245}},{"type":"Feature","geometry":{"type":"Point","coordinates":[-122.263951,37.799677]},"properties":{"id":2717246}},{"type":"Feature","geometry":{"type":"Point","coordinates":[-122.269729,37.799519]},"properties":{"id":2717247}},{"type":"Feature","geometry":{"type":"Point","coordinates":[-122.263542,37.799578]},"properties":{"id":2717248}},{"type":"Feature","geometry":{"type":"Point","coordinates":[-122.262175,37.799599]},"properties":{"id":2718102}},{"type":"Feature","geometry":{"type":"Point","coordinates":[-122.261693,37.799605]},"properties":{"id":2718103}},{"type":"Feature","geometry":{"type":"Point","coordinates":[-122.257723,37.799665]},"properties":{"id":2718104}},{"type":"Feature","geometry":{"type":"Point","coordinates":[-122.255618,37.799696]},"properties":{"id":2718105}},{"type":"Feature","geometry":{"type":"Point","coordinates":[-122.255512,37.799698]},"properties":{"id":2718106}},{"type":"Feature","geometry":{"type":"Point","coordinates":[-122.261857,37.799602]},"properties":{"id":2718107}},{"type":"Feature","geometry":{"type":"Point","coordinates":[-122.263659,37.799559]},"properties":{"id":2617101}},{"type":"Feature","geometry":{"type":"Point","coordinates":[-122.258183,37.799623]},"properties":{"id":2618101}},{"type":"Feature","geometry":{"type":"Point","coordinates":[-122.269467,37.799447]},"properties":{"id":2617102}},{"type":"Feature","geometry":{"type":"Point","coordinates":[-122.269538,37.799441]},"properties":{"id":2617103}},{"type":"Feature","geometry":{"type":"Point","coordinates":[-122.269474,37.79942]},"properties":{"id":2617105}},{"type":"Feature","geometry":{"type":"Point","coordinates":[-122.271496,37.799389]},"properties":{"id":2617106}},{"type":"Feature","geometry":{"type":"Point","coordinates":[-122.261815,37.799523]},"properties":{"id":2618102}},{"type":"Feature","geometry":{"type":"Point","coordinates":[-122.257659,37.79958]},"properties":{"id":2618103}},{"type":"Feature","geometry":{"type":"Point","coordinates":[-122.265556,37.799449]},"properties":{"id":2617107}},{"type":"Feature","geometry":{"type":"Point","coordinates":[-122.271185,37.799325]},"properties":{"id":2617108}},{"type":"Feature","geometry":{"type":"Point","coordinates":[-122.266977,37.799387]},"properties":{"id":2617109}},{"type":"Feature","geometry":{"type":"Point","coordinates":[-122.261796,37.799458]},"properties":{"id":2618104}},{"type":"Feature","geometry":{"type":"Point","coordinates":[-122.262116,37.799449]},"properties":{"id":2618266}},{"type":"Feature","geometry":{"type":"Point","coordinates":[-122.26953,37.799334]},"properties":{"id":2617110}},{"type":"Feature","geometry":{"type":"Point","coordinates":[-122.265442,37.799393]},"properties":{"id":2617111}},{"type":"Feature","geometry":{"type":"Point","coordinates":[-122.261836,37.799442]},"properties":{"id":2618106}},{"type":"Feature","geometry":{"type":"Point","coordinates":[-122.266888,37.799365]},"properties":{"id":2617112}},{"type":"Feature","geometry":{"type":"Point","coordinates":[-122.269852,37.799632]},"properties":{"id":2617330}},{"type":"Feature","geometry":{"type":"Point","coordinates":[-122.271441,37.799272]},"properties":{"id":2617114}},{"type":"Feature","geometry":{"type":"Point","coordinates":[-122.26342,37.799373]},"properties":{"id":2617115}},{"type":"Feature","geometry":{"type":"Point","coordinates":[-122.266814,37.799321]},"properties":{"id":2617116}},{"type":"Feature","geometry":{"type":"Point","coordinates":[-122.265339,37.799302]},"properties":{"id":2617117}},{"type":"Feature","geometry":{"type":"Point","coordinates":[-122.25798,37.79941]},"properties":{"id":2618107}},{"type":"Feature","geometry":{"type":"Point","coordinates":[-122.271289,37.79921]},"properties":{"id":2617118}},{"type":"Feature","geometry":{"type":"Point","coordinates":[-122.262906,37.799326]},"properties":{"id":2617119}},{"type":"Feature","geometry":{"type":"Point","coordinates":[-122.256274,37.799418]},"properties":{"id":2618108}},{"type":"Feature","geometry":{"type":"Point","coordinates":[-122.272994,37.799145]},"properties":{"id":2617120}},{"type":"Feature","geometry":{"type":"Point","coordinates":[-122.268585,37.799162]},"properties":{"id":2617121}},{"type":"Feature","geometry":{"type":"Point","coordinates":[-122.272938,37.799085]},"properties":{"id":2617122}},{"type":"Feature","geometry":{"type":"Point","coordinates":[-122.272834,37.799086]},"properties":{"id":2617123}},{"type":"Feature","geometry":{"type":"Point","coordinates":[-122.256136,37.799307]},"properties":{"id":2618110}},{"type":"Feature","geometry":{"type":"Point","coordinates":[-122.264583,37.799167]},"properties":{"id":2617124}},{"type":"Feature","geometry":{"type":"Point","coordinates":[-122.258669,37.799244]},"properties":{"id":2618111}},{"type":"Feature","geometry":{"type":"Point","coordinates":[-122.261914,37.799183]},"properties":{"id":2618112}},{"type":"Feature","geometry":{"type":"Point","coordinates":[-122.264738,37.79914]},"properties":{"id":2617125}},{"type":"Feature","geometry":{"type":"Point","coordinates":[-122.255433,37.798566]},"properties":{"id":2618140}},{"type":"Feature","geometry":{"type":"Point","coordinates":[-122.255273,37.798567]},"properties":{"id":2618141}},{"type":"Feature","geometry":{"type":"Point","coordinates":[-122.259688,37.798484]},"properties":{"id":2618142}},{"type":"Feature","geometry":{"type":"Point","coordinates":[-122.261227,37.798437]},"properties":{"id":2618143}},{"type":"Feature","geometry":{"type":"Point","coordinates":[-122.268992,37.79831]},"properties":{"id":2617139}},{"type":"Feature","geometry":{"type":"Point","coordinates":[-122.260301,37.79844]},"properties":{"id":2618144}},{"type":"Feature","geometry":{"type":"Point","coordinates":[-122.260906,37.798422]},"properties":{"id":2618145}},{"type":"Feature","geometry":{"type":"Point","coordinates":[-122.255349,37.798495]},"properties":{"id":2618147}},{"type":"Feature","geometry":{"type":"Point","coordinates":[-122.257501,37.798461]},"properties":{"id":2618148}},{"type":"Feature","geometry":{"type":"Point","coordinates":[-122.255379,37.798476]},"properties":{"id":2618149}},{"type":"Feature","geometry":{"type":"Point","coordinates":[-122.26097,37.798388]},"properties":{"id":2618150}},{"type":"Feature","geometry":{"type":"Point","coordinates":[-122.257348,37.798428]},"properties":{"id":2618151}},{"type":"Feature","geometry":{"type":"Point","coordinates":[-122.270487,37.798142]},"properties":{"id":2617143}},{"type":"Feature","geometry":{"type":"Point","coordinates":[-122.259551,37.798323]},"properties":{"id":2618154}},{"type":"Feature","geometry":{"type":"Point","coordinates":[-122.264744,37.798221]},"properties":{"id":2617144}},{"type":"Feature","geometry":{"type":"Point","coordinates":[-122.258857,37.798275]},"properties":{"id":2618156}},{"type":"Feature","geometry":{"type":"Point","coordinates":[-122.259371,37.798257]},"properties":{"id":2618157}},{"type":"Feature","geometry":{"type":"Point","coordinates":[-122.266058,37.79815]},"properties":{"id":2617145}},{"type":"Feature","geometry":{"type":"Point","coordinates":[-122.260438,37.798232]},"properties":{"id":2618158}},{"type":"Feature","geometry":{"type":"Point","coordinates":[-122.260661,37.798225]},"properties":{"id":2618159}},{"type":"Feature","geometry":{"type":"Point","coordinates":[-122.259564,37.798243]},"properties":{"id":2618160}},{"type":"Feature","geometry":{"type":"Point","coordinates":[-122.266219,37.79809]},"properties":{"id":2617146}},{"type":"Feature","geometry":{"type":"Point","coordinates":[-122.258874,37.798179]},"properties":{"id":2618161}},{"type":"Feature","geometry":{"type":"Point","coordinates":[-122.272304,37.797973]},"properties":{"id":2617147}},{"type":"Feature","geometry":{"type":"Point","coordinates":[-122.272469,37.797956]},"properties":{"id":2617148}},{"type":"Feature","geometry":{"type":"Point","coordinates":[-122.259581,37.798141]},"properties":{"id":2618162}},{"type":"Feature","geometry":{"type":"Point","coordinates":[-122.267839,37.798012]},"properties":{"id":2617149}},{"type":"Feature","geometry":{"type":"Point","coordinates":[-122.25942,37.798134]},"properties":{"id":2618163}},{"type":"Feature","geometry":{"type":"Point","coordinates":[-122.272153,37.797832]},"properties":{"id":2617152}},{"type":"Feature","geometry":{"type":"Point","coordinates":[-122.259078,37.79802]},"properties":{"id":2618168}},{"type":"Feature","geometry":{"type":"Point","coordinates":[-122.256285,37.798061]},"properties":{"id":2618169}},{"type":"Feature","geometry":{"type":"Point","coordinates":[-122.267832,37.797855]},"properties":{"id":2617153}},{"type":"Feature","geometry":{"type":"Point","coordinates":[-122.258388,37.797968]},"properties":{"id":2618170}},{"type":"Feature","geometry":{"type":"Point","coordinates":[-122.256174,37.797992]},"properties":{"id":2618171}},{"type":"Feature","geometry":{"type":"Point","coordinates":[-122.259618,37.797918]},"properties":{"id":2618172}},{"type":"Feature","geometry":{"type":"Point","coordinates":[-122.258446,37.797945]},"properties":{"id":2618173}},{"type":"Feature","geometry":{"type":"Point","coordinates":[-122.269445,37.79777]},"properties":{"id":2617154}},{"type":"Feature","geometry":{"type":"Point","coordinates":[-122.258371,37.797924]},"properties":{"id":2618174}},{"type":"Feature","geometry":{"type":"Point","coordinates":[-122.256234,37.797947]},"properties":{"id":2618176}},{"type":"Feature","geometry":{"type":"Point","coordinates":[-122.26354,37.797812]},"properties":{"id":2617155}},{"type":"Feature","geometry":{"type":"Point","coordinates":[-122.272187,37.797677]},"properties":{"id":2617156}},{"type":"Feature","geometry":{"type":"Point","coordinates":[-122.269284,37.7977]},"properties":{"id":2617157}},{"type":"Feature","geometry":{"type":"Point","coordinates":[-122.269387,37.797689]},"properties":{"id":2617158}},{"type":"Feature","geometry":{"type":"Point","coordinates":[-122.258658,37.797849]},"properties":{"id":2618178}},{"type":"Feature","geometry":{"type":"Point","coordinates":[-122.263618,37.79776]},"properties":{"id":2617159}},{"type":"Feature","geometry":{"type":"Point","coordinates":[-122.258451,37.797804]},"properties":{"id":2618181}},{"type":"Feature","geometry":{"type":"Point","coordinates":[-122.256385,37.797833]},"properties":{"id":2618182}},{"type":"Feature","geometry":{"type":"Point","coordinates":[-122.262555,37.797666]},"properties":{"id":2618185}},{"type":"Feature","geometry":{"type":"Point","coordinates":[-122.271091,37.797516]},"properties":{"id":2617160}},{"type":"Feature","geometry":{"type":"Point","coordinates":[-122.262476,37.797621]},"properties":{"id":2618187}},{"type":"Feature","geometry":{"type":"Point","coordinates":[-122.266665,37.797535]},"properties":{"id":2617161}},{"type":"Feature","geometry":{"type":"Point","coordinates":[-122.270912,37.797467]},"properties":{"id":2617162}},{"type":"Feature","geometry":{"type":"Point","coordinates":[-122.260542,37.797593]},"properties":{"id":2618188}},{"type":"Feature","geometry":{"type":"Point","coordinates":[-122.273038,37.797404]},"properties":{"id":2617163}},{"type":"Feature","geometry":{"type":"Point","coordinates":[-122.271039,37.797401]},"properties":{"id":2617164}},{"type":"Feature","geometry":{"type":"Point","coordinates":[-122.272896,37.79736]},"properties":{"id":2617165}},{"type":"Feature","geometry":{"type":"Point","coordinates":[-122.27274,37.79728]},"properties":{"id":2617167}},{"type":"Feature","geometry":{"type":"Point","coordinates":[-122.268286,37.797299]},"properties":{"id":2617168}},{"type":"Feature","geometry":{"type":"Point","coordinates":[-122.259001,37.79742]},"properties":{"id":2618189}},{"type":"Feature","geometry":{"type":"Point","coordinates":[-122.258615,37.797424]},"properties":{"id":2618190}},{"type":"Feature","geometry":{"type":"Point","coordinates":[-122.268207,37.797255]},"properties":{"id":2617170}},{"type":"Feature","geometry":{"type":"Point","coordinates":[-122.272229,37.797176]},"properties":{"id":2617171}},{"type":"Feature","geometry":{"type":"Point","coordinates":[-122.272589,37.797153]},"properties":{"id":2617172}},{"type":"Feature","geometry":{"type":"Point","coordinates":[-122.268112,37.797215]},"properties":{"id":2617173}},{"type":"Feature","geometry":{"type":"Point","coordinates":[-122.259122,37.797325]},"properties":{"id":2618191}},{"type":"Feature","geometry":{"type":"Point","coordinates":[-122.265951,37.79722]},"properties":{"id":2617174}},{"type":"Feature","geometry":{"type":"Point","coordinates":[-122.272225,37.797094]},"properties":{"id":2617175}},{"type":"Feature","geometry":{"type":"Point","coordinates":[-122.25937,37.797265]},"properties":{"id":2618192}},{"type":"Feature","geometry":{"type":"Point","coordinates":[-122.259088,37.797231]},"properties":{"id":2618193}},{"type":"Feature","geometry":{"type":"Point","coordinates":[-122.269903,37.797053]},"properties":{"id":2617176}},{"type":"Feature","geometry":{"type":"Point","coordinates":[-122.257128,37.797241]},"properties":{"id":2618194}},{"type":"Feature","geometry":{"type":"Point","coordinates":[-122.257278,37.79722]},"properties":{"id":2618195}},{"type":"Feature","geometry":{"type":"Point","coordinates":[-122.26601,37.796379]},"properties":{"id":2617191}},{"type":"Feature","geometry":{"type":"Point","coordinates":[-122.272052,37.796264]},"properties":{"id":2617192}},{"type":"Feature","geometry":{"type":"Point","coordinates":[-122.265892,37.796331]},"properties":{"id":2617193}},{"type":"Feature","geometry":{"type":"Point","coordinates":[-122.270302,37.796263]},"properties":{"id":2617194}},{"type":"Feature","geometry":{"type":"Point","coordinates":[-122.265736,37.796329]},"properties":{"id":2617195}},{"type":"Feature","geometry":{"type":"Point","coordinates":[-122.268355,37.79477]},"properties":{"id":2617246}},{"type":"Feature","geometry":{"type":"Point","coordinates":[-122.268464,37.794754]},"properties":{"id":2617247}},{"type":"Feature","geometry":{"type":"Point","coordinates":[-122.268223,37.794717]},"properties":{"id":2617248}},{"type":"Feature","geometry":{"type":"Point","coordinates":[-122.259852,37.794827]},"properties":{"id":2618239}},{"type":"Feature","geometry":{"type":"Point","coordinates":[-122.272784,37.794621]},"properties":{"id":2617250}},{"type":"Feature","geometry":{"type":"Point","coordinates":[-122.272723,37.794595]},"properties":{"id":2617251}},{"type":"Feature","geometry":{"type":"Point","coordinates":[-122.269863,37.794623]},"properties":{"id":2617252}},{"type":"Feature","geometry":{"type":"Point","coordinates":[-122.268373,37.794644]},"properties":{"id":2617253}},{"type":"Feature","geometry":{"type":"Point","coordinates":[-122.269755,37.794611]},"properties":{"id":2617254}},{"type":"Feature","geometry":{"type":"Point","coordinates":[-122.272743,37.794553]},"properties":{"id":2617255}},{"type":"Feature","geometry":{"type":"Point","coordinates":[-122.270041,37.794529]},"properties":{"id":2617256}},{"type":"Feature","geometry":{"type":"Point","coordinates":[-122.26834,37.794538]},"properties":{"id":2617257}},{"type":"Feature","geometry":{"type":"Point","coordinates":[-122.269951,37.794486]},"properties":{"id":2617258}},{"type":"Feature","geometry":{"type":"Point","coordinates":[-122.257474,37.794592]},"properties":{"id":2618240}},{"type":"Feature","geometry":{"type":"Point","coordinates":[-122.270008,37.79439]},"properties":{"id":2617259}},{"type":"Feature","geometry":{"type":"Point","coordinates":[-122.257445,37.794571]},"properties":{"id":2618241}},{"type":"Feature","geometry":{"type":"Point","coordinates":[-122.270117,37.794378]},"properties":{"id":2617260}},{"type":"Feature","geometry":{"type":"Point","coordinates":[-122.259152,37.794505]},"properties":{"id":2618242}},{"type":"Feature","geometry":{"type":"Point","coordinates":[-122.268635,37.794361]},"properties":{"id":2617261}},{"type":"Feature","geometry":{"type":"Point","coordinates":[-122.268577,37.794333]},"properties":{"id":2617262}},{"type":"Feature","geometry":{"type":"Point","coordinates":[-122.271627,37.794286]},"properties":{"id":2617263}},{"type":"Feature","geometry":{"type":"Point","coordinates":[-122.257357,37.794497]},"properties":{"id":2618243}},{"type":"Feature","geometry":{"type":"Point","coordinates":[-122.255774,37.794502]},"properties":{"id":2618244}},{"type":"Feature","geometry":{"type":"Point","coordinates":[-122.26722,37.794327]},"properties":{"id":2617264}},{"type":"Feature","geometry":{"type":"Point","coordinates":[-122.257445,37.794472]},"properties":{"id":2618245}},{"type":"Feature","geometry":{"type":"Point","coordinates":[-122.268472,37.794297]},"properties":{"id":2617265}},{"type":"Feature","geometry":{"type":"Point","coordinates":[-122.265636,37.794296]},"properties":{"id":2617266}},{"type":"Feature","geometry":{"type":"Point","coordinates":[-122.271428,37.794197]},"properties":{"id":2617267}},{"type":"Feature","geometry":{"type":"Point","coordinates":[-122.259324,37.794377]},"properties":{"id":2618247}},{"type":"Feature","geometry":{"type":"Point","coordinates":[-122.271621,37.794161]},"properties":{"id":2617268}},{"type":"Feature","geometry":{"type":"Point","coordinates":[-122.269392,37.794172]},"properties":{"id":2617270}},{"type":"Feature","geometry":{"type":"Point","coordinates":[-122.267178,37.79416]},"properties":{"id":2617271}},{"type":"Feature","geometry":{"type":"Point","coordinates":[-122.261566,37.794272]},"properties":{"id":2618249}},{"type":"Feature","geometry":{"type":"Point","coordinates":[-122.268866,37.794107]},"properties":{"id":2617272}},{"type":"Feature","geometry":{"type":"Point","coordinates":[-122.273028,37.794028]},"properties":{"id":2617273}},{"type":"Feature","geometry":{"type":"Point","coordinates":[-122.261152,37.794203]},"properties":{"id":2618251}},{"type":"Feature","geometry":{"type":"Point","coordinates":[-122.268749,37.794061]},"properties":{"id":2617275}},{"type":"Feature","geometry":{"type":"Point","coordinates":[-122.268654,37.794023]},"properties":{"id":2617276}},{"type":"Feature","geometry":{"type":"Point","coordinates":[-122.261154,37.794145]},"properties":{"id":2618252}},{"type":"Feature","geometry":{"type":"Point","coordinates":[-122.265789,37.794053]},"properties":{"id":2617277}},{"type":"Feature","geometry":{"type":"Point","coordinates":[-122.260744,37.794127]},"properties":{"id":2618253}},{"type":"Feature","geometry":{"type":"Point","coordinates":[-122.260256,37.794134]},"properties":{"id":2618254}},{"type":"Feature","geometry":{"type":"Point","coordinates":[-122.258418,37.792321]},"properties":{"id":2518141}},{"type":"Feature","geometry":{"type":"Point","coordinates":[-122.257821,37.792316]},"properties":{"id":2518142}},{"type":"Feature","geometry":{"type":"Point","coordinates":[-122.255066,37.792337]},"properties":{"id":2518143}},{"type":"Feature","geometry":{"type":"Point","coordinates":[-122.267109,37.792127]},"properties":{"id":2517152}},{"type":"Feature","geometry":{"type":"Point","coordinates":[-122.255147,37.792298]},"properties":{"id":2518144}},{"type":"Feature","geometry":{"type":"Point","coordinates":[-122.256981,37.792269]},"properties":{"id":2518145}},{"type":"Feature","geometry":{"type":"Point","coordinates":[-122.268116,37.792059]},"properties":{"id":2517153}},{"type":"Feature","geometry":{"type":"Point","coordinates":[-122.266908,37.792073]},"properties":{"id":2517154}},{"type":"Feature","geometry":{"type":"Point","coordinates":[-122.26704,37.792062]},"properties":{"id":2517155}},{"type":"Feature","geometry":{"type":"Point","coordinates":[-122.266861,37.792063]},"properties":{"id":2517156}},{"type":"Feature","geometry":{"type":"Point","coordinates":[-122.268569,37.792026]},"properties":{"id":2517224}},{"type":"Feature","geometry":{"type":"Point","coordinates":[-122.27298,37.791959]},"properties":{"id":2517158}},{"type":"Feature","geometry":{"type":"Point","coordinates":[-122.273017,37.791893]},"properties":{"id":2517159}},{"type":"Feature","geometry":{"type":"Point","coordinates":[-122.262381,37.792016]},"properties":{"id":2518150}},{"type":"Feature","geometry":{"type":"Point","coordinates":[-122.262431,37.791936]},"properties":{"id":2518151}},{"type":"Feature","geometry":{"type":"Point","coordinates":[-122.257466,37.792028]},"properties":{"id":2518152}},{"type":"Feature","geometry":{"type":"Point","coordinates":[-122.257386,37.792004]},"properties":{"id":2518153}},{"type":"Feature","geometry":{"type":"Point","coordinates":[-122.257421,37.792002]},"properties":{"id":2518154}},{"type":"Feature","geometry":{"type":"Point","coordinates":[-122.261283,37.796259]},"properties":{"id":2618212}},{"type":"Feature","geometry":{"type":"Point","coordinates":[-122.261308,37.796222]},"properties":{"id":2618213}},{"type":"Feature","geometry":{"type":"Point","coordinates":[-122.267558,37.796108]},"properties":{"id":2617196}},{"type":"Feature","geometry":{"type":"Point","coordinates":[-122.267506,37.796022]},"properties":{"id":2617197}},{"type":"Feature","geometry":{"type":"Point","coordinates":[-122.264469,37.795991]},"properties":{"id":2617198}},{"type":"Feature","geometry":{"type":"Point","coordinates":[-122.269142,37.795905]},"properties":{"id":2617199}},{"type":"Feature","geometry":{"type":"Point","coordinates":[-122.264777,37.795907]},"properties":{"id":2617200}},{"type":"Feature","geometry":{"type":"Point","coordinates":[-122.264697,37.79589]},"properties":{"id":2617201}},{"type":"Feature","geometry":{"type":"Point","coordinates":[-122.257447,37.795975]},"properties":{"id":2618214}},{"type":"Feature","geometry":{"type":"Point","coordinates":[-122.269117,37.7958]},"properties":{"id":2617202}},{"type":"Feature","geometry":{"type":"Point","coordinates":[-122.268208,37.792723]},"properties":{"id":2517140}},{"type":"Feature","geometry":{"type":"Point","coordinates":[-122.268142,37.792703]},"properties":{"id":2517141}},{"type":"Feature","geometry":{"type":"Point","coordinates":[-122.26815,37.792688]},"properties":{"id":2517142}},{"type":"Feature","geometry":{"type":"Point","coordinates":[-122.267972,37.792619]},"properties":{"id":2517143}},{"type":"Feature","geometry":{"type":"Point","coordinates":[-122.272755,37.792539]},"properties":{"id":2517144}},{"type":"Feature","geometry":{"type":"Point","coordinates":[-122.269566,37.792478]},"properties":{"id":2517145}},{"type":"Feature","geometry":{"type":"Point","coordinates":[-122.272602,37.792354]},"properties":{"id":2517146}},{"type":"Feature","geometry":{"type":"Point","coordinates":[-122.258166,37.792549]},"properties":{"id":2518130}},{"type":"Feature","geometry":{"type":"Point","coordinates":[-122.258578,37.792542]},"properties":{"id":2518131}},{"type":"Feature","geometry":{"type":"Point","coordinates":[-122.272758,37.792306]},"properties":{"id":2517147}},{"type":"Feature","geometry":{"type":"Point","coordinates":[-122.266461,37.795668]},"properties":{"id":2617326}},{"type":"Feature","geometry":{"type":"Point","coordinates":[-122.255464,37.795832]},"properties":{"id":2618221}},{"type":"Feature","geometry":{"type":"Point","coordinates":[-122.266241,37.795648]},"properties":{"id":2617211}},{"type":"Feature","geometry":{"type":"Point","coordinates":[-122.26009,37.795737]},"properties":{"id":2618222}},{"type":"Feature","geometry":{"type":"Point","coordinates":[-122.261837,37.795639]},"properties":{"id":2618223}},{"type":"Feature","geometry":{"type":"Point","coordinates":[-122.25991,37.795666]},"properties":{"id":2618224}},{"type":"Feature","geometry":{"type":"Point","coordinates":[-122.272429,37.795452]},"properties":{"id":2617212}},{"type":"Feature","geometry":{"type":"Point","coordinates":[-122.266322,37.795523]},"properties":{"id":2617213}},{"type":"Feature","geometry":{"type":"Point","coordinates":[-122.272178,37.795408]},"properties":{"id":2617214}},{"type":"Feature","geometry":{"type":"Point","coordinates":[-122.267974,37.795409]},"properties":{"id":2617215}},{"type":"Feature","geometry":{"type":"Point","coordinates":[-122.272519,37.79534]},"properties":{"id":2617216}},{"type":"Feature","geometry":{"type":"Point","coordinates":[-122.2611,37.795251]},"properties":{"id":2618225}},{"type":"Feature","geometry":{"type":"Point","coordinates":[-122.267931,37.795336]},"properties":{"id":2617217}},{"type":"Feature","geometry":{"type":"Point","coordinates":[-122.272271,37.795243]},"properties":{"id":2617218}},{"type":"Feature","geometry":{"type":"Point","coordinates":[-122.269787,37.795276]},"properties":{"id":2617219}},{"type":"Feature","geometry":{"type":"Point","coordinates":[-122.271013,37.795248]},"properties":{"id":2617220}},{"type":"Feature","geometry":{"type":"Point","coordinates":[-122.269549,37.795266]},"properties":{"id":2617221}},{"type":"Feature","geometry":{"type":"Point","coordinates":[-122.270969,37.79521]},"properties":{"id":2617222}},{"type":"Feature","geometry":{"type":"Point","coordinates":[-122.26116,37.794068]},"properties":{"id":2518101}},{"type":"Feature","geometry":{"type":"Point","coordinates":[-122.268803,37.793949]},"properties":{"id":2517101}},{"type":"Feature","geometry":{"type":"Point","coordinates":[-122.260203,37.794067]},"properties":{"id":2518102}},{"type":"Feature","geometry":{"type":"Point","coordinates":[-122.26897,37.793916]},"properties":{"id":2517102}},{"type":"Feature","geometry":{"type":"Point","coordinates":[-122.26496,37.793966]},"properties":{"id":2517103}},{"type":"Feature","geometry":{"type":"Point","coordinates":[-122.270453,37.793836]},"properties":{"id":2517104}},{"type":"Feature","geometry":{"type":"Point","coordinates":[-122.261892,37.79395]},"properties":{"id":2518103}},{"type":"Feature","geometry":{"type":"Point","coordinates":[-122.260317,37.793917]},"properties":{"id":2518104}},{"type":"Feature","geometry":{"type":"Point","coordinates":[-122.270275,37.793753]},"properties":{"id":2517105}},{"type":"Feature","geometry":{"type":"Point","coordinates":[-122.270399,37.79375]},"properties":{"id":2517106}},{"type":"Feature","geometry":{"type":"Point","coordinates":[-122.258385,37.793894]},"properties":{"id":2518105}},{"type":"Feature","geometry":{"type":"Point","coordinates":[-122.270427,37.793687]},"properties":{"id":2517108}},{"type":"Feature","geometry":{"type":"Point","coordinates":[-122.267604,37.793688]},"properties":{"id":2517109}},{"type":"Feature","geometry":{"type":"Point","coordinates":[-122.258372,37.793811]},"properties":{"id":2518106}},{"type":"Feature","geometry":{"type":"Point","coordinates":[-122.271959,37.793599]},"properties":{"id":2517110}},{"type":"Feature","geometry":{"type":"Point","coordinates":[-122.272045,37.793595]},"properties":{"id":2517111}},{"type":"Feature","geometry":{"type":"Point","coordinates":[-122.256699,37.793814]},"properties":{"id":2518107}},{"type":"Feature","geometry":{"type":"Point","coordinates":[-122.267828,37.793645]},"properties":{"id":2517112}},{"type":"Feature","geometry":{"type":"Point","coordinates":[-122.267506,37.79361]},"properties":{"id":2517113}},{"type":"Feature","geometry":{"type":"Point","coordinates":[-122.271881,37.793522]},"properties":{"id":2517114}},{"type":"Feature","geometry":{"type":"Point","coordinates":[-122.25651,37.793748]},"properties":{"id":2518224}},{"type":"Feature","geometry":{"type":"Point","coordinates":[-122.267453,37.793575]},"properties":{"id":2517115}},{"type":"Feature","geometry":{"type":"Point","coordinates":[-122.259783,37.793655]},"properties":{"id":2518110}},{"type":"Feature","geometry":{"type":"Point","coordinates":[-122.258629,37.792506]},"properties":{"id":2518132}},{"type":"Feature","geometry":{"type":"Point","coordinates":[-122.268369,37.792346]},"properties":{"id":2517148}},{"type":"Feature","geometry":{"type":"Point","coordinates":[-122.258663,37.792482]},"properties":{"id":2518134}},{"type":"Feature","geometry":{"type":"Point","coordinates":[-122.267003,37.792354]},"properties":{"id":2517149}},{"type":"Feature","geometry":{"type":"Point","coordinates":[-122.258151,37.792443]},"properties":{"id":2518135}},{"type":"Feature","geometry":{"type":"Point","coordinates":[-122.266881,37.792309]},"properties":{"id":2517150}},{"type":"Feature","geometry":{"type":"Point","coordinates":[-122.258364,37.792429]},"properties":{"id":2518136}},{"type":"Feature","geometry":{"type":"Point","coordinates":[-122.258149,37.792428]},"properties":{"id":2518137}},{"type":"Feature","geometry":{"type":"Point","coordinates":[-122.256747,37.792434]},"properties":{"id":2518138}},{"type":"Feature","geometry":{"type":"Point","coordinates":[-122.266076,37.791555]},"properties":{"id":2517163}},{"type":"Feature","geometry":{"type":"Point","coordinates":[-122.267204,37.791479]},"properties":{"id":2517209}},{"type":"Feature","geometry":{"type":"Point","coordinates":[-122.2599,37.791582]},"properties":{"id":2518160}},{"type":"Feature","geometry":{"type":"Point","coordinates":[-122.266721,37.791468]},"properties":{"id":2517165}},{"type":"Feature","geometry":{"type":"Point","coordinates":[-122.259389,37.791568]},"properties":{"id":2518162}},{"type":"Feature","geometry":{"type":"Point","coordinates":[-122.259496,37.791502]},"properties":{"id":2518164}},{"type":"Feature","geometry":{"type":"Point","coordinates":[-122.256564,37.791536]},"properties":{"id":2518166}},{"type":"Feature","geometry":{"type":"Point","coordinates":[-122.256498,37.791526]},"properties":{"id":2518168}},{"type":"Feature","geometry":{"type":"Point","coordinates":[-122.256525,37.791516]},"properties":{"id":2518169}},{"type":"Feature","geometry":{"type":"Point","coordinates":[-122.25649,37.791498]},"properties":{"id":2518170}},{"type":"Feature","geometry":{"type":"Point","coordinates":[-122.256505,37.791483]},"properties":{"id":2518171}},{"type":"Feature","geometry":{"type":"Point","coordinates":[-122.256139,37.791432]},"properties":{"id":2518172}},{"type":"Feature","geometry":{"type":"Point","coordinates":[-122.265607,37.791278]},"properties":{"id":2517166}},{"type":"Feature","geometry":{"type":"Point","coordinates":[-122.255454,37.791366]},"properties":{"id":2518173}},{"type":"Feature","geometry":{"type":"Point","coordinates":[-122.259676,37.791286]},"properties":{"id":2518174}},{"type":"Feature","geometry":{"type":"Point","coordinates":[-122.265548,37.791195]},"properties":{"id":2517167}},{"type":"Feature","geometry":{"type":"Point","coordinates":[-122.255505,37.791276]},"properties":{"id":2518175}},{"type":"Feature","geometry":{"type":"Point","coordinates":[-122.259533,37.791208]},"properties":{"id":2518176}},{"type":"Feature","geometry":{"type":"Point","coordinates":[-122.265968,37.791085]},"properties":{"id":2517168}},{"type":"Feature","geometry":{"type":"Point","coordinates":[-122.256687,37.791116]},"properties":{"id":2518177}},{"type":"Feature","geometry":{"type":"Point","coordinates":[-122.265575,37.790948]},"properties":{"id":2517170}},{"type":"Feature","geometry":{"type":"Point","coordinates":[-122.25667,37.791049]},"properties":{"id":2518182}},{"type":"Feature","geometry":{"type":"Point","coordinates":[-122.262902,37.790827]},"properties":{"id":2517171}},{"type":"Feature","geometry":{"type":"Point","coordinates":[-122.262643,37.790786]},"properties":{"id":2517172}},{"type":"Feature","geometry":{"type":"Point","coordinates":[-122.26629,37.790684]},"properties":{"id":2517173}},{"type":"Feature","geometry":{"type":"Point","coordinates":[-122.265101,37.790677]},"properties":{"id":2517174}},{"type":"Feature","geometry":{"type":"Point","coordinates":[-122.266312,37.790642]},"properties":{"id":2517175}},{"type":"Feature","geometry":{"type":"Point","coordinates":[-122.266242,37.790624]},"properties":{"id":2517176}},{"type":"Feature","geometry":{"type":"Point","coordinates":[-122.266335,37.790601]},"properties":{"id":2517177}},{"type":"Feature","geometry":{"type":"Point","coordinates":[-122.264935,37.79061]},"properties":{"id":2517178}},{"type":"Feature","geometry":{"type":"Point","coordinates":[-122.265902,37.790415]},"properties":{"id":2517179}},{"type":"Feature","geometry":{"type":"Point","coordinates":[-122.265261,37.790424]},"properties":{"id":2517180}},{"type":"Feature","geometry":{"type":"Point","coordinates":[-122.265097,37.790368]},"properties":{"id":2517181}},{"type":"Feature","geometry":{"type":"Point","coordinates":[-122.265712,37.790105]},"properties":{"id":2517182}},{"type":"Feature","geometry":{"type":"Point","coordinates":[-122.26616,37.790096]},"properties":{"id":2517183}},{"type":"Feature","geometry":{"type":"Point","coordinates":[-122.266275,37.790021]},"properties":{"id":2517184}},{"type":"Feature","geometry":{"type":"Point","coordinates":[-122.265958,37.790024]},"properties":{"id":2517185}},{"type":"Feature","geometry":{"type":"Point","coordinates":[-122.255052,37.807763]},"properties":{"id":2818140}},{"type":"Feature","geometry":{"type":"Point","coordinates":[-122.2698,37.794852]},"properties":{"id":2617319}},{"type":"Feature","geometry":{"type":"Point","coordinates":[-122.26963,37.794798]},"properties":{"id":2617320}},{"type":"Feature","geometry":{"type":"Point","coordinates":[-122.26978,37.794889]},"properties":{"id":2617321}},{"type":"Feature","geometry":{"type":"Point","coordinates":[-122.269362,37.79525]},"properties":{"id":2617322}},{"type":"Feature","geometry":{"type":"Point","coordinates":[-122.256685,37.795276]},"properties":{"id":2618255}},{"type":"Feature","geometry":{"type":"Point","coordinates":[-122.257116,37.79467]},"properties":{"id":2618256}},{"type":"Feature","geometry":{"type":"Point","coordinates":[-122.26225,37.800007]},"properties":{"id":2618263}},{"type":"Feature","geometry":{"type":"Point","coordinates":[-122.262278,37.799821]},"properties":{"id":2618264}},{"type":"Feature","geometry":{"type":"Point","coordinates":[-122.26249,37.799476]},"properties":{"id":2618270}},{"type":"Feature","geometry":{"type":"Point","coordinates":[-122.26249,37.799376]},"properties":{"id":2618271}},{"type":"Feature","geometry":{"type":"Point","coordinates":[-122.262581,37.799324]},"properties":{"id":2618272}},{"type":"Feature","geometry":{"type":"Point","coordinates":[-122.262032,37.799469]},"properties":{"id":2618267}},{"type":"Feature","geometry":{"type":"Point","coordinates":[-122.262311,37.799256]},"properties":{"id":2618269}},{"type":"Feature","geometry":{"type":"Point","coordinates":[-122.260953,37.798803]},"properties":{"id":2618273}},{"type":"Feature","geometry":{"type":"Point","coordinates":[-122.261028,37.798736]},"properties":{"id":2618276}},{"type":"Feature","geometry":{"type":"Point","coordinates":[-122.261069,37.798691]},"properties":{"id":2618274}},{"type":"Feature","geometry":{"type":"Point","coordinates":[-122.261818,37.798699]},"properties":{"id":2618277}},{"type":"Feature","geometry":{"type":"Point","coordinates":[-122.261069,37.797795]},"properties":{"id":2618278}},{"type":"Feature","geometry":{"type":"Point","coordinates":[-122.260423,37.796741]},"properties":{"id":2618279}},{"type":"Feature","geometry":{"type":"Point","coordinates":[-122.260512,37.796623]},"properties":{"id":2618280}},{"type":"Feature","geometry":{"type":"Point","coordinates":[-122.257589,37.797001]},"properties":{"id":2618281}},{"type":"Feature","geometry":{"type":"Point","coordinates":[-122.257487,37.797045]},"properties":{"id":2618282}},{"type":"Feature","geometry":{"type":"Point","coordinates":[-122.257494,37.795904]},"properties":{"id":2618283}},{"type":"Feature","geometry":{"type":"Point","coordinates":[-122.255285,37.798595]},"properties":{"id":2618284}},{"type":"Feature","geometry":{"type":"Point","coordinates":[-122.256031,37.798891]},"properties":{"id":2618285}},{"type":"Feature","geometry":{"type":"Point","coordinates":[-122.255992,37.799416]},"properties":{"id":2618286}},{"type":"Feature","geometry":{"type":"Point","coordinates":[-122.258098,37.798983]},"properties":{"id":2618287}},{"type":"Feature","geometry":{"type":"Point","coordinates":[-122.257973,37.797984]},"properties":{"id":2618288}},{"type":"Feature","geometry":{"type":"Point","coordinates":[-122.272781,37.79476]},"properties":{"id":2617279}},{"type":"Feature","geometry":{"type":"Point","coordinates":[-122.272557,37.794787]},"properties":{"id":2617280}},{"type":"Feature","geometry":{"type":"Point","coordinates":[-122.272408,37.795106]},"properties":{"id":2617281}},{"type":"Feature","geometry":{"type":"Point","coordinates":[-122.27271,37.794034]},"properties":{"id":2617282}},{"type":"Feature","geometry":{"type":"Point","coordinates":[-122.27305,37.793991]},"properties":{"id":2617283}},{"type":"Feature","geometry":{"type":"Point","coordinates":[-122.272709,37.793994]},"properties":{"id":2617284}},{"type":"Feature","geometry":{"type":"Point","coordinates":[-122.272584,37.794042]},"properties":{"id":2617285}},{"type":"Feature","geometry":{"type":"Point","coordinates":[-122.272583,37.793996]},"properties":{"id":2617286}},{"type":"Feature","geometry":{"type":"Point","coordinates":[-122.272374,37.794442]},"properties":{"id":2617287}},{"type":"Feature","geometry":{"type":"Point","coordinates":[-122.27236,37.794454]},"properties":{"id":2617288}},{"type":"Feature","geometry":{"type":"Point","coordinates":[-122.272386,37.794426]},"properties":{"id":2617289}},{"type":"Feature","geometry":{"type":"Point","coordinates":[-122.272454,37.794441]},"properties":{"id":2617290}},{"type":"Feature","geometry":{"type":"Point","coordinates":[-122.271493,37.794098]},"properties":{"id":2617291}},{"type":"Feature","geometry":{"type":"Point","coordinates":[-122.269048,37.793961]},"properties":{"id":2617323}},{"type":"Feature","geometry":{"type":"Point","coordinates":[-122.268969,37.794962]},"properties":{"id":2617325}},{"type":"Feature","geometry":{"type":"Point","coordinates":[-122.271696,37.79419]},"properties":{"id":2617292}},{"type":"Feature","geometry":{"type":"Point","coordinates":[-122.27162,37.79398]},"properties":{"id":2617293}},{"type":"Feature","geometry":{"type":"Point","coordinates":[-122.271655,37.79398]},"properties":{"id":2617294}},{"type":"Feature","geometry":{"type":"Point","coordinates":[-122.27169,37.793979]},"properties":{"id":2617295}},{"type":"Feature","geometry":{"type":"Point","coordinates":[-122.271584,37.79398]},"properties":{"id":2617296}},{"type":"Feature","geometry":{"type":"Point","coordinates":[-122.271599,37.794197]},"properties":{"id":2617297}},{"type":"Feature","geometry":{"type":"Point","coordinates":[-122.27221,37.795356]},"properties":{"id":2617300}},{"type":"Feature","geometry":{"type":"Point","coordinates":[-122.27233,37.795469]},"properties":{"id":2617301}},{"type":"Feature","geometry":{"type":"Point","coordinates":[-122.272452,37.795387]},"properties":{"id":2617302}},{"type":"Feature","geometry":{"type":"Point","coordinates":[-122.27212,37.795503]},"properties":{"id":2617303}},{"type":"Feature","geometry":{"type":"Point","coordinates":[-122.271341,37.795029]},"properties":{"id":2617313}},{"type":"Feature","geometry":{"type":"Point","coordinates":[-122.271426,37.794913]},"properties":{"id":2617314}},{"type":"Feature","geometry":{"type":"Point","coordinates":[-122.271815,37.795998]},"properties":{"id":2617315}},{"type":"Feature","geometry":{"type":"Point","coordinates":[-122.270107,37.794559]},"properties":{"id":2617316}},{"type":"Feature","geometry":{"type":"Point","coordinates":[-122.269946,37.794584]},"properties":{"id":2617317}},{"type":"Feature","geometry":{"type":"Point","coordinates":[-122.269834,37.794501]},"properties":{"id":2617318}},{"type":"Feature","geometry":{"type":"Point","coordinates":[-122.265551,37.797066]},"properties":{"id":2617327}},{"type":"Feature","geometry":{"type":"Point","coordinates":[-122.264588,37.798158]},"properties":{"id":2617328}},{"type":"Feature","geometry":{"type":"Point","coordinates":[-122.265409,37.799363]},"properties":{"id":2617329}},{"type":"Feature","geometry":{"type":"Point","coordinates":[-122.269043,37.798419]},"properties":{"id":2617331}},{"type":"Feature","geometry":{"type":"Point","coordinates":[-122.268291,37.797354]},"properties":{"id":2617332}},{"type":"Feature","geometry":{"type":"Point","coordinates":[-122.268059,37.797238]},"properties":{"id":2617333}},{"type":"Feature","geometry":{"type":"Point","coordinates":[-122.26788,37.797996]},"properties":{"id":2617334}},{"type":"Feature","geometry":{"type":"Point","coordinates":[-122.267444,37.798648]},"properties":{"id":2617335}},{"type":"Feature","geometry":{"type":"Point","coordinates":[-122.263593,37.79775]},"properties":{"id":2617336}},{"type":"Feature","geometry":{"type":"Point","coordinates":[-122.264573,37.795823]},"properties":{"id":2617338}},{"type":"Feature","geometry":{"type":"Point","coordinates":[-122.265184,37.794792]},"properties":{"id":2617339}},{"type":"Feature","geometry":{"type":"Point","coordinates":[-122.265225,37.794963]},"properties":{"id":2617340}},{"type":"Feature","geometry":{"type":"Point","coordinates":[-122.267186,37.792097]},"properties":{"id":2517200}},{"type":"Feature","geometry":{"type":"Point","coordinates":[-122.266747,37.792531]},"properties":{"id":2517201}},{"type":"Feature","geometry":{"type":"Point","coordinates":[-122.266658,37.792676]},"properties":{"id":2517202}},{"type":"Feature","geometry":{"type":"Point","coordinates":[-122.266565,37.792825]},"properties":{"id":2517203}},{"type":"Feature","geometry":{"type":"Point","coordinates":[-122.266155,37.793608]},"properties":{"id":2517204}},{"type":"Feature","geometry":{"type":"Point","coordinates":[-122.272818,37.792331]},"properties":{"id":2517205}},{"type":"Feature","geometry":{"type":"Point","coordinates":[-122.271845,37.793193]},"properties":{"id":2517206}},{"type":"Feature","geometry":{"type":"Point","coordinates":[-122.269543,37.79237]},"properties":{"id":2517207}},{"type":"Feature","geometry":{"type":"Point","coordinates":[-122.265979,37.791363]},"properties":{"id":2517211}},{"type":"Feature","geometry":{"type":"Point","coordinates":[-122.267387,37.791173]},"properties":{"id":2517231}},{"type":"Feature","geometry":{"type":"Point","coordinates":[-122.266029,37.790491]},"properties":{"id":2517213}},{"type":"Feature","geometry":{"type":"Point","coordinates":[-122.265856,37.790488]},"properties":{"id":2517212}},{"type":"Feature","geometry":{"type":"Point","coordinates":[-122.266005,37.790358]},"properties":{"id":2517214}},{"type":"Feature","geometry":{"type":"Point","coordinates":[-122.266116,37.790837]},"properties":{"id":2517216}},{"type":"Feature","geometry":{"type":"Point","coordinates":[-122.265986,37.791055]},"properties":{"id":2517217}},{"type":"Feature","geometry":{"type":"Point","coordinates":[-122.266216,37.790666]},"properties":{"id":2517215}},{"type":"Feature","geometry":{"type":"Point","coordinates":[-122.265278,37.791215]},"properties":{"id":2517218}},{"type":"Feature","geometry":{"type":"Point","coordinates":[-122.264752,37.791117]},"properties":{"id":2517219}},{"type":"Feature","geometry":{"type":"Point","coordinates":[-122.261447,37.790782]},"properties":{"id":2517220}},{"type":"Feature","geometry":{"type":"Point","coordinates":[-122.260913,37.790694]},"properties":{"id":2517221}},{"type":"Feature","geometry":{"type":"Point","coordinates":[-122.268028,37.792038]},"properties":{"id":2517222}},{"type":"Feature","geometry":{"type":"Point","coordinates":[-122.26792,37.792012]},"properties":{"id":2517223}},{"type":"Feature","geometry":{"type":"Point","coordinates":[-122.268619,37.791942]},"properties":{"id":2517225}},{"type":"Feature","geometry":{"type":"Point","coordinates":[-122.268722,37.79177]},"properties":{"id":2517226}},{"type":"Feature","geometry":{"type":"Point","coordinates":[-122.26885,37.791557]},"properties":{"id":2517227}},{"type":"Feature","geometry":{"type":"Point","coordinates":[-122.268913,37.791456]},"properties":{"id":2517228}},{"type":"Feature","geometry":{"type":"Point","coordinates":[-122.269069,37.791226]},"properties":{"id":2517229}},{"type":"Feature","geometry":{"type":"Point","coordinates":[-122.269157,37.791082]},"properties":{"id":2517230}},{"type":"Feature","geometry":{"type":"Point","coordinates":[-122.268899,37.791479]},"properties":{"id":2517232}},{"type":"Feature","geometry":{"type":"Point","coordinates":[-122.268894,37.791486]},"properties":{"id":2517233}},{"type":"Feature","geometry":{"type":"Point","coordinates":[-122.269005,37.791317]},"properties":{"id":2517234}},{"type":"Feature","geometry":{"type":"Point","coordinates":[-122.269242,37.790939]},"properties":{"id":2517235}},{"type":"Feature","geometry":{"type":"Point","coordinates":[-122.269536,37.790476]},"properties":{"id":2517236}},{"type":"Feature","geometry":{"type":"Point","coordinates":[-122.269691,37.790224]},"properties":{"id":2517237}},{"type":"Feature","geometry":{"type":"Point","coordinates":[-122.270196,37.807444]},"properties":{"id":2817280}},{"type":"Feature","geometry":{"type":"Point","coordinates":[-122.269825,37.808149]},"properties":{"id":2817281}},{"type":"Feature","geometry":{"type":"Point","coordinates":[-122.273071,37.808792]},"properties":{"id":2817282}},{"type":"Feature","geometry":{"type":"Point","coordinates":[-122.272969,37.808463]},"properties":{"id":2817283}},{"type":"Feature","geometry":{"type":"Point","coordinates":[-122.273322,37.805987]},"properties":{"id":2817285}},{"type":"Feature","geometry":{"type":"Point","coordinates":[-122.26679,37.806793]},"properties":{"id":2817301}},{"type":"Feature","geometry":{"type":"Point","coordinates":[-122.272336,37.802718]},"properties":{"id":2717250}},{"type":"Feature","geometry":{"type":"Point","coordinates":[-122.27151,37.801802]},"properties":{"id":2717252}},{"type":"Feature","geometry":{"type":"Point","coordinates":[-122.272225,37.802075]},"properties":{"id":2717251}},{"type":"Feature","geometry":{"type":"Point","coordinates":[-122.266605,37.802442]},"properties":{"id":2717253}},{"type":"Feature","geometry":{"type":"Point","coordinates":[-122.26372,37.804602]},"properties":{"id":2717254}},{"type":"Feature","geometry":{"type":"Point","coordinates":[-122.267831,37.800365]},"properties":{"id":2717255}},{"type":"Feature","geometry":{"type":"Point","coordinates":[-122.264666,37.800822]},"properties":{"id":2717256}},{"type":"Feature","geometry":{"type":"Point","coordinates":[-122.263495,37.80037]},"properties":{"id":2717257}},{"type":"Feature","geometry":{"type":"Point","coordinates":[-122.256639,37.793856]},"properties":{"id":2518225}},{"type":"Feature","geometry":{"type":"Point","coordinates":[-122.257715,37.792892]},"properties":{"id":2518226}},{"type":"Feature","geometry":{"type":"Point","coordinates":[-122.257821,37.792693]},"properties":{"id":2518227}},{"type":"Feature","geometry":{"type":"Point","coordinates":[-122.258046,37.792607]},"properties":{"id":2518228}},{"type":"Feature","geometry":{"type":"Point","coordinates":[-122.256933,37.792382]},"properties":{"id":2518229}},{"type":"Feature","geometry":{"type":"Point","coordinates":[-122.260101,37.793365]},"properties":{"id":2518230}},{"type":"Feature","geometry":{"type":"Point","coordinates":[-122.259346,37.791431]},"properties":{"id":2518231}},{"type":"Feature","geometry":{"type":"Point","coordinates":[-122.276631,37.800602]},"properties":{"id":2716241}},{"type":"Feature","geometry":{"type":"Point","coordinates":[-122.280876,37.800501]},"properties":{"id":2716242}},{"type":"Feature","geometry":{"type":"Point","coordinates":[-122.276452,37.800545]},"properties":{"id":2716243}},{"type":"Feature","geometry":{"type":"Point","coordinates":[-122.276571,37.800531]},"properties":{"id":2716245}},{"type":"Feature","geometry":{"type":"Point","coordinates":[-122.276611,37.800469]},"properties":{"id":2716246}},{"type":"Feature","geometry":{"type":"Point","coordinates":[-122.282666,37.800348]},"properties":{"id":2716247}},{"type":"Feature","geometry":{"type":"Point","coordinates":[-122.282491,37.800269]},"properties":{"id":2716248}},{"type":"Feature","geometry":{"type":"Point","coordinates":[-122.276654,37.809888]},"properties":{"id":2816117}},{"type":"Feature","geometry":{"type":"Point","coordinates":[-122.274959,37.809873]},"properties":{"id":2816118}},{"type":"Feature","geometry":{"type":"Point","coordinates":[-122.281921,37.805075]},"properties":{"id":2816270}},{"type":"Feature","geometry":{"type":"Point","coordinates":[-122.275664,37.805162]},"properties":{"id":2816271}},{"type":"Feature","geometry":{"type":"Point","coordinates":[-122.274983,37.805144]},"properties":{"id":2816272}},{"type":"Feature","geometry":{"type":"Point","coordinates":[-122.273662,37.805148]},"properties":{"id":2816274}},{"type":"Feature","geometry":{"type":"Point","coordinates":[-122.275448,37.805108]},"properties":{"id":2816275}},{"type":"Feature","geometry":{"type":"Point","coordinates":[-122.273573,37.805115]},"properties":{"id":2816276}},{"type":"Feature","geometry":{"type":"Point","coordinates":[-122.27524,37.805042]},"properties":{"id":2816277}},{"type":"Feature","geometry":{"type":"Point","coordinates":[-122.284478,37.807549]},"properties":{"id":2815185}},{"type":"Feature","geometry":{"type":"Point","coordinates":[-122.279312,37.807596]},"properties":{"id":2816189}},{"type":"Feature","geometry":{"type":"Point","coordinates":[-122.284635,37.807445]},"properties":{"id":2815187}},{"type":"Feature","geometry":{"type":"Point","coordinates":[-122.275056,37.807544]},"properties":{"id":2816190}},{"type":"Feature","geometry":{"type":"Point","coordinates":[-122.283524,37.807411]},"properties":{"id":2816191}},{"type":"Feature","geometry":{"type":"Point","coordinates":[-122.274947,37.807533]},"properties":{"id":2816192}},{"type":"Feature","geometry":{"type":"Point","coordinates":[-122.281037,37.807415]},"properties":{"id":2816193}},{"type":"Feature","geometry":{"type":"Point","coordinates":[-122.273604,37.807509]},"properties":{"id":2816194}},{"type":"Feature","geometry":{"type":"Point","coordinates":[-122.273502,37.807475]},"properties":{"id":2816195}},{"type":"Feature","geometry":{"type":"Point","coordinates":[-122.276603,37.807397]},"properties":{"id":2816197}},{"type":"Feature","geometry":{"type":"Point","coordinates":[-122.283469,37.807252]},"properties":{"id":2816198}},{"type":"Feature","geometry":{"type":"Point","coordinates":[-122.276562,37.807343]},"properties":{"id":2816199}},{"type":"Feature","geometry":{"type":"Point","coordinates":[-122.276716,37.807328]},"properties":{"id":2816200}},{"type":"Feature","geometry":{"type":"Point","coordinates":[-122.28241,37.807221]},"properties":{"id":2816201}},{"type":"Feature","geometry":{"type":"Point","coordinates":[-122.278527,37.807272]},"properties":{"id":2816202}},{"type":"Feature","geometry":{"type":"Point","coordinates":[-122.27811,37.807122]},"properties":{"id":2816203}},{"type":"Feature","geometry":{"type":"Point","coordinates":[-122.28137,37.809963]},"properties":{"id":2816115}},{"type":"Feature","geometry":{"type":"Point","coordinates":[-122.275175,37.80999]},"properties":{"id":2816116}},{"type":"Feature","geometry":{"type":"Point","coordinates":[-122.276609,37.809783]},"properties":{"id":2816119}},{"type":"Feature","geometry":{"type":"Point","coordinates":[-122.276478,37.809754]},"properties":{"id":2816120}},{"type":"Feature","geometry":{"type":"Point","coordinates":[-122.277747,37.808601]},"properties":{"id":2816154}},{"type":"Feature","geometry":{"type":"Point","coordinates":[-122.27436,37.808649]},"properties":{"id":2816155}},{"type":"Feature","geometry":{"type":"Point","coordinates":[-122.274322,37.808634]},"properties":{"id":2816156}},{"type":"Feature","geometry":{"type":"Point","coordinates":[-122.277336,37.808588]},"properties":{"id":2816157}},{"type":"Feature","geometry":{"type":"Point","coordinates":[-122.274284,37.808619]},"properties":{"id":2816158}},{"type":"Feature","geometry":{"type":"Point","coordinates":[-122.275344,37.802638]},"properties":{"id":2716171}},{"type":"Feature","geometry":{"type":"Point","coordinates":[-122.273611,37.802636]},"properties":{"id":2716172}},{"type":"Feature","geometry":{"type":"Point","coordinates":[-122.279721,37.802539]},"properties":{"id":2716173}},{"type":"Feature","geometry":{"type":"Point","coordinates":[-122.279523,37.802535]},"properties":{"id":2716174}},{"type":"Feature","geometry":{"type":"Point","coordinates":[-122.284255,37.802455]},"properties":{"id":2715193}},{"type":"Feature","geometry":{"type":"Point","coordinates":[-122.27519,37.802578]},"properties":{"id":2716175}},{"type":"Feature","geometry":{"type":"Point","coordinates":[-122.27529,37.802575]},"properties":{"id":2716176}},{"type":"Feature","geometry":{"type":"Point","coordinates":[-122.284079,37.802406]},"properties":{"id":2715197}},{"type":"Feature","geometry":{"type":"Point","coordinates":[-122.275322,37.802519]},"properties":{"id":2716177}},{"type":"Feature","geometry":{"type":"Point","coordinates":[-122.284234,37.802372]},"properties":{"id":2715198}},{"type":"Feature","geometry":{"type":"Point","coordinates":[-122.281288,37.802374]},"properties":{"id":2716178}},{"type":"Feature","geometry":{"type":"Point","coordinates":[-122.281188,37.802375]},"properties":{"id":2716179}},{"type":"Feature","geometry":{"type":"Point","coordinates":[-122.283242,37.802302]},"properties":{"id":2716180}},{"type":"Feature","geometry":{"type":"Point","coordinates":[-122.275389,37.802415]},"properties":{"id":2716181}},{"type":"Feature","geometry":{"type":"Point","coordinates":[-122.275303,37.80238]},"properties":{"id":2716182}},{"type":"Feature","geometry":{"type":"Point","coordinates":[-122.283068,37.802241]},"properties":{"id":2716183}},{"type":"Feature","geometry":{"type":"Point","coordinates":[-122.276734,37.802303]},"properties":{"id":2716184}},{"type":"Feature","geometry":{"type":"Point","coordinates":[-122.276931,37.802297]},"properties":{"id":2716185}},{"type":"Feature","geometry":{"type":"Point","coordinates":[-122.281393,37.802207]},"properties":{"id":2716186}},{"type":"Feature","geometry":{"type":"Point","coordinates":[-122.274751,37.803262]},"properties":{"id":2716148}},{"type":"Feature","geometry":{"type":"Point","coordinates":[-122.274863,37.803256]},"properties":{"id":2716149}},{"type":"Feature","geometry":{"type":"Point","coordinates":[-122.283926,37.803084]},"properties":{"id":2715174}},{"type":"Feature","geometry":{"type":"Point","coordinates":[-122.280908,37.803127]},"properties":{"id":2716150}},{"type":"Feature","geometry":{"type":"Point","coordinates":[-122.280866,37.803109]},"properties":{"id":2716151}},{"type":"Feature","geometry":{"type":"Point","coordinates":[-122.274935,37.803143]},"properties":{"id":2716152}},{"type":"Feature","geometry":{"type":"Point","coordinates":[-122.280686,37.803044]},"properties":{"id":2716153}},{"type":"Feature","geometry":{"type":"Point","coordinates":[-122.280713,37.803005]},"properties":{"id":2716154}},{"type":"Feature","geometry":{"type":"Point","coordinates":[-122.280902,37.802994]},"properties":{"id":2716156}},{"type":"Feature","geometry":{"type":"Point","coordinates":[-122.283988,37.80292]},"properties":{"id":2715180}},{"type":"Feature","geometry":{"type":"Point","coordinates":[-122.274261,37.803037]},"properties":{"id":2716157}},{"type":"Feature","geometry":{"type":"Point","coordinates":[-122.282569,37.802887]},"properties":{"id":2716159}},{"type":"Feature","geometry":{"type":"Point","coordinates":[-122.276504,37.802972]},"properties":{"id":2716160}},{"type":"Feature","geometry":{"type":"Point","coordinates":[-122.28404,37.802796]},"properties":{"id":2715182}},{"type":"Feature","geometry":{"type":"Point","coordinates":[-122.282867,37.802808]},"properties":{"id":2716161}},{"type":"Feature","geometry":{"type":"Point","coordinates":[-122.282672,37.802775]},"properties":{"id":2716162}},{"type":"Feature","geometry":{"type":"Point","coordinates":[-122.282558,37.802757]},"properties":{"id":2716163}},{"type":"Feature","geometry":{"type":"Point","coordinates":[-122.280503,37.802755]},"properties":{"id":2716164}},{"type":"Feature","geometry":{"type":"Point","coordinates":[-122.278112,37.802755]},"properties":{"id":2716165}},{"type":"Feature","geometry":{"type":"Point","coordinates":[-122.277919,37.802757]},"properties":{"id":2716166}},{"type":"Feature","geometry":{"type":"Point","coordinates":[-122.282912,37.802665]},"properties":{"id":2716167}},{"type":"Feature","geometry":{"type":"Point","coordinates":[-122.273553,37.802753]},"properties":{"id":2716168}},{"type":"Feature","geometry":{"type":"Point","coordinates":[-122.273722,37.802721]},"properties":{"id":2716169}},{"type":"Feature","geometry":{"type":"Point","coordinates":[-122.281256,37.802564]},"properties":{"id":2716170}},{"type":"Feature","geometry":{"type":"Point","coordinates":[-122.27572,37.801888]},"properties":{"id":2716201}},{"type":"Feature","geometry":{"type":"Point","coordinates":[-122.284531,37.801743]},"properties":{"id":2715219}},{"type":"Feature","geometry":{"type":"Point","coordinates":[-122.280213,37.801767]},"properties":{"id":2716203}},{"type":"Feature","geometry":{"type":"Point","coordinates":[-122.283586,37.80167]},"properties":{"id":2716204}},{"type":"Feature","geometry":{"type":"Point","coordinates":[-122.280059,37.801705]},"properties":{"id":2716205}},{"type":"Feature","geometry":{"type":"Point","coordinates":[-122.281634,37.801655]},"properties":{"id":2716206}},{"type":"Feature","geometry":{"type":"Point","coordinates":[-122.281763,37.801612]},"properties":{"id":2716207}},{"type":"Feature","geometry":{"type":"Point","coordinates":[-122.284125,37.801555]},"properties":{"id":2715223}},{"type":"Feature","geometry":{"type":"Point","coordinates":[-122.284425,37.801513]},"properties":{"id":2715224}},{"type":"Feature","geometry":{"type":"Point","coordinates":[-122.27736,37.801609]},"properties":{"id":2716209}},{"type":"Feature","geometry":{"type":"Point","coordinates":[-122.277152,37.801612]},"properties":{"id":2716210}},{"type":"Feature","geometry":{"type":"Point","coordinates":[-122.279006,37.801529]},"properties":{"id":2716211}},{"type":"Feature","geometry":{"type":"Point","coordinates":[-122.283557,37.801418]},"properties":{"id":2716212}},{"type":"Feature","geometry":{"type":"Point","coordinates":[-122.278929,37.801449]},"properties":{"id":2716213}},{"type":"Feature","geometry":{"type":"Point","coordinates":[-122.283385,37.801374]},"properties":{"id":2716214}},{"type":"Feature","geometry":{"type":"Point","coordinates":[-122.283557,37.801352]},"properties":{"id":2716215}},{"type":"Feature","geometry":{"type":"Point","coordinates":[-122.278786,37.801406]},"properties":{"id":2716216}},{"type":"Feature","geometry":{"type":"Point","coordinates":[-122.284953,37.809503]},"properties":{"id":2815126}},{"type":"Feature","geometry":{"type":"Point","coordinates":[-122.278395,37.809559]},"properties":{"id":2816121}},{"type":"Feature","geometry":{"type":"Point","coordinates":[-122.276918,37.809554]},"properties":{"id":2816122}},{"type":"Feature","geometry":{"type":"Point","coordinates":[-122.278232,37.809531]},"properties":{"id":2816123}},{"type":"Feature","geometry":{"type":"Point","coordinates":[-122.280378,37.809465]},"properties":{"id":2816124}},{"type":"Feature","geometry":{"type":"Point","coordinates":[-122.2803,37.809458]},"properties":{"id":2816126}},{"type":"Feature","geometry":{"type":"Point","coordinates":[-122.276787,37.809496]},"properties":{"id":2816127}},{"type":"Feature","geometry":{"type":"Point","coordinates":[-122.275516,37.809425]},"properties":{"id":2816128}},{"type":"Feature","geometry":{"type":"Point","coordinates":[-122.282862,37.809251]},"properties":{"id":2816130}},{"type":"Feature","geometry":{"type":"Point","coordinates":[-122.27541,37.809321]},"properties":{"id":2816131}},{"type":"Feature","geometry":{"type":"Point","coordinates":[-122.283872,37.809136]},"properties":{"id":2815140}},{"type":"Feature","geometry":{"type":"Point","coordinates":[-122.275373,37.809219]},"properties":{"id":2816132}},{"type":"Feature","geometry":{"type":"Point","coordinates":[-122.275444,37.809209]},"properties":{"id":2816133}},{"type":"Feature","geometry":{"type":"Point","coordinates":[-122.284075,37.809064]},"properties":{"id":2815146}},{"type":"Feature","geometry":{"type":"Point","coordinates":[-122.283962,37.809038]},"properties":{"id":2815147}},{"type":"Feature","geometry":{"type":"Point","coordinates":[-122.283847,37.809013]},"properties":{"id":2815148}},{"type":"Feature","geometry":{"type":"Point","coordinates":[-122.274678,37.807967]},"properties":{"id":2816181}},{"type":"Feature","geometry":{"type":"Point","coordinates":[-122.27836,37.80789]},"properties":{"id":2816182}},{"type":"Feature","geometry":{"type":"Point","coordinates":[-122.276274,37.807883]},"properties":{"id":2816184}},{"type":"Feature","geometry":{"type":"Point","coordinates":[-122.278045,37.807758]},"properties":{"id":2816185}},{"type":"Feature","geometry":{"type":"Point","coordinates":[-122.276358,37.807779]},"properties":{"id":2816186}},{"type":"Feature","geometry":{"type":"Point","coordinates":[-122.277914,37.807754]},"properties":{"id":2816187}},{"type":"Feature","geometry":{"type":"Point","coordinates":[-122.28445,37.807617]},"properties":{"id":2815182}},{"type":"Feature","geometry":{"type":"Point","coordinates":[-122.277779,37.807716]},"properties":{"id":2816188}},{"type":"Feature","geometry":{"type":"Point","coordinates":[-122.284117,37.808952]},"properties":{"id":2815149}},{"type":"Feature","geometry":{"type":"Point","coordinates":[-122.273983,37.809093]},"properties":{"id":2816134}},{"type":"Feature","geometry":{"type":"Point","coordinates":[-122.276601,37.809048]},"properties":{"id":2816135}},{"type":"Feature","geometry":{"type":"Point","coordinates":[-122.276636,37.80899]},"properties":{"id":2816136}},{"type":"Feature","geometry":{"type":"Point","coordinates":[-122.278498,37.80894]},"properties":{"id":2816137}},{"type":"Feature","geometry":{"type":"Point","coordinates":[-122.278612,37.808921]},"properties":{"id":2816138}},{"type":"Feature","geometry":{"type":"Point","coordinates":[-122.278519,37.808902]},"properties":{"id":2816139}},{"type":"Feature","geometry":{"type":"Point","coordinates":[-122.27669,37.808922]},"properties":{"id":2816140}},{"type":"Feature","geometry":{"type":"Point","coordinates":[-122.278742,37.808884]},"properties":{"id":2816141}},{"type":"Feature","geometry":{"type":"Point","coordinates":[-122.278792,37.808877]},"properties":{"id":2816142}},{"type":"Feature","geometry":{"type":"Point","coordinates":[-122.282912,37.808799]},"properties":{"id":2816143}},{"type":"Feature","geometry":{"type":"Point","coordinates":[-122.281922,37.808809]},"properties":{"id":2816144}},{"type":"Feature","geometry":{"type":"Point","coordinates":[-122.2788,37.808851]},"properties":{"id":2816145}},{"type":"Feature","geometry":{"type":"Point","coordinates":[-122.278559,37.808834]},"properties":{"id":2816146}},{"type":"Feature","geometry":{"type":"Point","coordinates":[-122.282933,37.808722]},"properties":{"id":2816147}},{"type":"Feature","geometry":{"type":"Point","coordinates":[-122.280573,37.808719]},"properties":{"id":2816148}},{"type":"Feature","geometry":{"type":"Point","coordinates":[-122.274369,37.808791]},"properties":{"id":2816149}},{"type":"Feature","geometry":{"type":"Point","coordinates":[-122.274468,37.808783]},"properties":{"id":2816150}},{"type":"Feature","geometry":{"type":"Point","coordinates":[-122.275978,37.808691]},"properties":{"id":2816151}},{"type":"Feature","geometry":{"type":"Point","coordinates":[-122.274254,37.808702]},"properties":{"id":2816152}},{"type":"Feature","geometry":{"type":"Point","coordinates":[-122.284459,37.802129]},"properties":{"id":2715204}},{"type":"Feature","geometry":{"type":"Point","coordinates":[-122.283243,37.802118]},"properties":{"id":2716188}},{"type":"Feature","geometry":{"type":"Point","coordinates":[-122.278377,37.802176]},"properties":{"id":2716189}},{"type":"Feature","geometry":{"type":"Point","coordinates":[-122.280882,37.802046]},"properties":{"id":2716191}},{"type":"Feature","geometry":{"type":"Point","coordinates":[-122.278536,37.802078]},"properties":{"id":2716192}},{"type":"Feature","geometry":{"type":"Point","coordinates":[-122.274102,37.80212]},"properties":{"id":2716193}},{"type":"Feature","geometry":{"type":"Point","coordinates":[-122.274375,37.802096]},"properties":{"id":2716194}},{"type":"Feature","geometry":{"type":"Point","coordinates":[-122.273976,37.802067]},"properties":{"id":2716195}},{"type":"Feature","geometry":{"type":"Point","coordinates":[-122.280195,37.801968]},"properties":{"id":2716196}},{"type":"Feature","geometry":{"type":"Point","coordinates":[-122.280119,37.801913]},"properties":{"id":2716197}},{"type":"Feature","geometry":{"type":"Point","coordinates":[-122.275783,37.801966]},"properties":{"id":2716198}},{"type":"Feature","geometry":{"type":"Point","coordinates":[-122.279998,37.801897]},"properties":{"id":2716199}},{"type":"Feature","geometry":{"type":"Point","coordinates":[-122.274063,37.801944]},"properties":{"id":2716200}},{"type":"Feature","geometry":{"type":"Point","coordinates":[-122.277838,37.8085]},"properties":{"id":2816160}},{"type":"Feature","geometry":{"type":"Point","coordinates":[-122.277793,37.808494]},"properties":{"id":2816161}},{"type":"Feature","geometry":{"type":"Point","coordinates":[-122.274327,37.808545]},"properties":{"id":2816162}},{"type":"Feature","geometry":{"type":"Point","coordinates":[-122.277452,37.808488]},"properties":{"id":2816163}},{"type":"Feature","geometry":{"type":"Point","coordinates":[-122.277403,37.808468]},"properties":{"id":2816164}},{"type":"Feature","geometry":{"type":"Point","coordinates":[-122.275923,37.808478]},"properties":{"id":2816165}},{"type":"Feature","geometry":{"type":"Point","coordinates":[-122.277641,37.808419]},"properties":{"id":2816166}},{"type":"Feature","geometry":{"type":"Point","coordinates":[-122.277527,37.808377]},"properties":{"id":2816167}},{"type":"Feature","geometry":{"type":"Point","coordinates":[-122.277455,37.808349]},"properties":{"id":2816168}},{"type":"Feature","geometry":{"type":"Point","coordinates":[-122.278914,37.808264]},"properties":{"id":2816169}},{"type":"Feature","geometry":{"type":"Point","coordinates":[-122.279063,37.808201]},"properties":{"id":2816170}},{"type":"Feature","geometry":{"type":"Point","coordinates":[-122.274698,37.808162]},"properties":{"id":2816171}},{"type":"Feature","geometry":{"type":"Point","coordinates":[-122.274672,37.808154]},"properties":{"id":2816172}},{"type":"Feature","geometry":{"type":"Point","coordinates":[-122.277695,37.808097]},"properties":{"id":2816173}},{"type":"Feature","geometry":{"type":"Point","coordinates":[-122.277533,37.808029]},"properties":{"id":2816175}},{"type":"Feature","geometry":{"type":"Point","coordinates":[-122.274656,37.80804]},"properties":{"id":2816177}},{"type":"Feature","geometry":{"type":"Point","coordinates":[-122.276234,37.808012]},"properties":{"id":2816178}},{"type":"Feature","geometry":{"type":"Point","coordinates":[-122.274669,37.808027]},"properties":{"id":2816179}},{"type":"Feature","geometry":{"type":"Point","coordinates":[-122.274688,37.808001]},"properties":{"id":2816180}},{"type":"Feature","geometry":{"type":"Point","coordinates":[-122.274726,37.808068]},"properties":{"id":2816291}},{"type":"Feature","geometry":{"type":"Point","coordinates":[-122.281619,37.805986]},"properties":{"id":2816229}},{"type":"Feature","geometry":{"type":"Point","coordinates":[-122.275978,37.806019]},"properties":{"id":2816230}},{"type":"Feature","geometry":{"type":"Point","coordinates":[-122.279539,37.805953]},"properties":{"id":2816231}},{"type":"Feature","geometry":{"type":"Point","coordinates":[-122.281726,37.805916]},"properties":{"id":2816232}},{"type":"Feature","geometry":{"type":"Point","coordinates":[-122.279385,37.805888]},"properties":{"id":2816233}},{"type":"Feature","geometry":{"type":"Point","coordinates":[-122.279206,37.805854]},"properties":{"id":2816234}},{"type":"Feature","geometry":{"type":"Point","coordinates":[-122.279135,37.805827]},"properties":{"id":2816235}},{"type":"Feature","geometry":{"type":"Point","coordinates":[-122.279674,37.805815]},"properties":{"id":2816236}},{"type":"Feature","geometry":{"type":"Point","coordinates":[-122.279633,37.805802]},"properties":{"id":2816237}},{"type":"Feature","geometry":{"type":"Point","coordinates":[-122.283045,37.805743]},"properties":{"id":2816238}},{"type":"Feature","geometry":{"type":"Point","coordinates":[-122.27904,37.805792]},"properties":{"id":2816239}},{"type":"Feature","geometry":{"type":"Point","coordinates":[-122.279186,37.805743]},"properties":{"id":2816240}},{"type":"Feature","geometry":{"type":"Point","coordinates":[-122.282994,37.805667]},"properties":{"id":2816241}},{"type":"Feature","geometry":{"type":"Point","coordinates":[-122.282996,37.8056]},"properties":{"id":2816242}},{"type":"Feature","geometry":{"type":"Point","coordinates":[-122.279058,37.80561]},"properties":{"id":2816243}},{"type":"Feature","geometry":{"type":"Point","coordinates":[-122.282092,37.805562]},"properties":{"id":2816244}},{"type":"Feature","geometry":{"type":"Point","coordinates":[-122.274851,37.80565]},"properties":{"id":2816245}},{"type":"Feature","geometry":{"type":"Point","coordinates":[-122.280664,37.805556]},"properties":{"id":2816246}},{"type":"Feature","geometry":{"type":"Point","coordinates":[-122.280751,37.805542]},"properties":{"id":2816247}},{"type":"Feature","geometry":{"type":"Point","coordinates":[-122.281784,37.805424]},"properties":{"id":2816248}},{"type":"Feature","geometry":{"type":"Point","coordinates":[-122.274701,37.805598]},"properties":{"id":2816249}},{"type":"Feature","geometry":{"type":"Point","coordinates":[-122.276408,37.805512]},"properties":{"id":2816250}},{"type":"Feature","geometry":{"type":"Point","coordinates":[-122.281938,37.805414]},"properties":{"id":2816252}},{"type":"Feature","geometry":{"type":"Point","coordinates":[-122.280762,37.805399]},"properties":{"id":2816253}},{"type":"Feature","geometry":{"type":"Point","coordinates":[-122.280069,37.80539]},"properties":{"id":2816254}},{"type":"Feature","geometry":{"type":"Point","coordinates":[-122.276356,37.805393]},"properties":{"id":2816255}},{"type":"Feature","geometry":{"type":"Point","coordinates":[-122.277871,37.805316]},"properties":{"id":2816256}},{"type":"Feature","geometry":{"type":"Point","coordinates":[-122.276342,37.805309]},"properties":{"id":2816257}},{"type":"Feature","geometry":{"type":"Point","coordinates":[-122.278017,37.80528]},"properties":{"id":2816258}},{"type":"Feature","geometry":{"type":"Point","coordinates":[-122.273545,37.805331]},"properties":{"id":2816259}},{"type":"Feature","geometry":{"type":"Point","coordinates":[-122.279665,37.805204]},"properties":{"id":2816260}},{"type":"Feature","geometry":{"type":"Point","coordinates":[-122.279798,37.805191]},"properties":{"id":2816261}},{"type":"Feature","geometry":{"type":"Point","coordinates":[-122.273434,37.805284]},"properties":{"id":2816262}},{"type":"Feature","geometry":{"type":"Point","coordinates":[-122.280021,37.805177]},"properties":{"id":2816263}},{"type":"Feature","geometry":{"type":"Point","coordinates":[-122.279557,37.805171]},"properties":{"id":2816264}},{"type":"Feature","geometry":{"type":"Point","coordinates":[-122.279492,37.805146]},"properties":{"id":2816265}},{"type":"Feature","geometry":{"type":"Point","coordinates":[-122.275131,37.805196]},"properties":{"id":2816266}},{"type":"Feature","geometry":{"type":"Point","coordinates":[-122.282302,37.805081]},"properties":{"id":2816267}},{"type":"Feature","geometry":{"type":"Point","coordinates":[-122.273626,37.805206]},"properties":{"id":2816268}},{"type":"Feature","geometry":{"type":"Point","coordinates":[-122.273764,37.8052]},"properties":{"id":2816269}},{"type":"Feature","geometry":{"type":"Point","coordinates":[-122.278361,37.807079]},"properties":{"id":2816204}},{"type":"Feature","geometry":{"type":"Point","coordinates":[-122.278493,37.807027]},"properties":{"id":2816205}},{"type":"Feature","geometry":{"type":"Point","coordinates":[-122.278413,37.806997]},"properties":{"id":2816206}},{"type":"Feature","geometry":{"type":"Point","coordinates":[-122.278335,37.806967]},"properties":{"id":2816207}},{"type":"Feature","geometry":{"type":"Point","coordinates":[-122.279893,37.806909]},"properties":{"id":2816208}},{"type":"Feature","geometry":{"type":"Point","coordinates":[-122.273843,37.806974]},"properties":{"id":2816210}},{"type":"Feature","geometry":{"type":"Point","coordinates":[-122.28153,37.806831]},"properties":{"id":2816211}},{"type":"Feature","geometry":{"type":"Point","coordinates":[-122.273939,37.806937]},"properties":{"id":2816212}},{"type":"Feature","geometry":{"type":"Point","coordinates":[-122.281263,37.806718]},"properties":{"id":2816213}},{"type":"Feature","geometry":{"type":"Point","coordinates":[-122.281439,37.806701]},"properties":{"id":2816215}},{"type":"Feature","geometry":{"type":"Point","coordinates":[-122.279087,37.806731]},"properties":{"id":2816216}},{"type":"Feature","geometry":{"type":"Point","coordinates":[-122.275439,37.806779]},"properties":{"id":2816217}},{"type":"Feature","geometry":{"type":"Point","coordinates":[-122.277148,37.806661]},"properties":{"id":2816218}},{"type":"Feature","geometry":{"type":"Point","coordinates":[-122.279241,37.8065]},"properties":{"id":2816220}},{"type":"Feature","geometry":{"type":"Point","coordinates":[-122.281528,37.806459]},"properties":{"id":2816221}},{"type":"Feature","geometry":{"type":"Point","coordinates":[-122.281367,37.806461]},"properties":{"id":2816222}},{"type":"Feature","geometry":{"type":"Point","coordinates":[-122.279204,37.806482]},"properties":{"id":2816223}},{"type":"Feature","geometry":{"type":"Point","coordinates":[-122.277153,37.806512]},"properties":{"id":2816224}},{"type":"Feature","geometry":{"type":"Point","coordinates":[-122.274311,37.806372]},"properties":{"id":2816225}},{"type":"Feature","geometry":{"type":"Point","coordinates":[-122.280196,37.806283]},"properties":{"id":2816226}},{"type":"Feature","geometry":{"type":"Point","coordinates":[-122.2803,37.806263]},"properties":{"id":2816227}},{"type":"Feature","geometry":{"type":"Point","coordinates":[-122.274227,37.806303]},"properties":{"id":2816228}},{"type":"Feature","geometry":{"type":"Point","coordinates":[-122.275369,37.804996]},"properties":{"id":2816278}},{"type":"Feature","geometry":{"type":"Point","coordinates":[-122.281092,37.804867]},"properties":{"id":2816279}},{"type":"Feature","geometry":{"type":"Point","coordinates":[-122.281212,37.804835]},"properties":{"id":2816280}},{"type":"Feature","geometry":{"type":"Point","coordinates":[-122.275095,37.804913]},"properties":{"id":2816281}},{"type":"Feature","geometry":{"type":"Point","coordinates":[-122.278904,37.804712]},"properties":{"id":2716101}},{"type":"Feature","geometry":{"type":"Point","coordinates":[-122.278313,37.804632]},"properties":{"id":2716102}},{"type":"Feature","geometry":{"type":"Point","coordinates":[-122.280483,37.804505]},"properties":{"id":2716104}},{"type":"Feature","geometry":{"type":"Point","coordinates":[-122.280062,37.804497]},"properties":{"id":2716105}},{"type":"Feature","geometry":{"type":"Point","coordinates":[-122.28043,37.804489]},"properties":{"id":2716106}},{"type":"Feature","geometry":{"type":"Point","coordinates":[-122.275734,37.80454]},"properties":{"id":2716107}},{"type":"Feature","geometry":{"type":"Point","coordinates":[-122.279987,37.804472]},"properties":{"id":2716108}},{"type":"Feature","geometry":{"type":"Point","coordinates":[-122.282303,37.804422]},"properties":{"id":2716109}},{"type":"Feature","geometry":{"type":"Point","coordinates":[-122.280272,37.804446]},"properties":{"id":2716110}},{"type":"Feature","geometry":{"type":"Point","coordinates":[-122.282214,37.8044]},"properties":{"id":2716111}},{"type":"Feature","geometry":{"type":"Point","coordinates":[-122.274198,37.804514]},"properties":{"id":2716112}},{"type":"Feature","geometry":{"type":"Point","coordinates":[-122.279895,37.804392]},"properties":{"id":2716113}},{"type":"Feature","geometry":{"type":"Point","coordinates":[-122.274082,37.804471]},"properties":{"id":2716114}},{"type":"Feature","geometry":{"type":"Point","coordinates":[-122.274013,37.804449]},"properties":{"id":2716115}},{"type":"Feature","geometry":{"type":"Point","coordinates":[-122.275644,37.804356]},"properties":{"id":2716116}},{"type":"Feature","geometry":{"type":"Point","coordinates":[-122.28476,37.804214]},"properties":{"id":2715115}},{"type":"Feature","geometry":{"type":"Point","coordinates":[-122.284549,37.804159]},"properties":{"id":2715119}},{"type":"Feature","geometry":{"type":"Point","coordinates":[-122.284666,37.804125]},"properties":{"id":2715121}},{"type":"Feature","geometry":{"type":"Point","coordinates":[-122.277054,37.804145]},"properties":{"id":2716117}},{"type":"Feature","geometry":{"type":"Point","coordinates":[-122.277254,37.804134]},"properties":{"id":2716118}},{"type":"Feature","geometry":{"type":"Point","coordinates":[-122.283638,37.803986]},"properties":{"id":2716119}},{"type":"Feature","geometry":{"type":"Point","coordinates":[-122.283627,37.803891]},"properties":{"id":2716120}},{"type":"Feature","geometry":{"type":"Point","coordinates":[-122.278724,37.803945]},"properties":{"id":2716121}},{"type":"Feature","geometry":{"type":"Point","coordinates":[-122.283668,37.803818]},"properties":{"id":2716123}},{"type":"Feature","geometry":{"type":"Point","coordinates":[-122.282753,37.803832]},"properties":{"id":2716124}},{"type":"Feature","geometry":{"type":"Point","coordinates":[-122.280462,37.803851]},"properties":{"id":2716125}},{"type":"Feature","geometry":{"type":"Point","coordinates":[-122.280677,37.80382]},"properties":{"id":2716126}},{"type":"Feature","geometry":{"type":"Point","coordinates":[-122.280629,37.80382]},"properties":{"id":2716127}},{"type":"Feature","geometry":{"type":"Point","coordinates":[-122.282527,37.803782]},"properties":{"id":2716128}},{"type":"Feature","geometry":{"type":"Point","coordinates":[-122.280412,37.803791]},"properties":{"id":2716129}},{"type":"Feature","geometry":{"type":"Point","coordinates":[-122.282549,37.803719]},"properties":{"id":2716130}},{"type":"Feature","geometry":{"type":"Point","coordinates":[-122.282412,37.803686]},"properties":{"id":2716131}},{"type":"Feature","geometry":{"type":"Point","coordinates":[-122.282572,37.803654]},"properties":{"id":2716132}},{"type":"Feature","geometry":{"type":"Point","coordinates":[-122.275858,37.803678]},"properties":{"id":2716133}},{"type":"Feature","geometry":{"type":"Point","coordinates":[-122.276069,37.803672]},"properties":{"id":2716134}},{"type":"Feature","geometry":{"type":"Point","coordinates":[-122.280439,37.803568]},"properties":{"id":2716135}},{"type":"Feature","geometry":{"type":"Point","coordinates":[-122.281905,37.803473]},"properties":{"id":2716136}},{"type":"Feature","geometry":{"type":"Point","coordinates":[-122.284872,37.803392]},"properties":{"id":2715159}},{"type":"Feature","geometry":{"type":"Point","coordinates":[-122.28494,37.803368]},"properties":{"id":2715161}},{"type":"Feature","geometry":{"type":"Point","coordinates":[-122.277683,37.803449]},"properties":{"id":2716137}},{"type":"Feature","geometry":{"type":"Point","coordinates":[-122.277511,37.803445]},"properties":{"id":2716138}},{"type":"Feature","geometry":{"type":"Point","coordinates":[-122.284824,37.803278]},"properties":{"id":2715165}},{"type":"Feature","geometry":{"type":"Point","coordinates":[-122.274772,37.803403]},"properties":{"id":2716139}},{"type":"Feature","geometry":{"type":"Point","coordinates":[-122.285,37.803205]},"properties":{"id":2715170}},{"type":"Feature","geometry":{"type":"Point","coordinates":[-122.274921,37.80334]},"properties":{"id":2716140}},{"type":"Feature","geometry":{"type":"Point","coordinates":[-122.276293,37.80331]},"properties":{"id":2716142}},{"type":"Feature","geometry":{"type":"Point","coordinates":[-122.279154,37.803255]},"properties":{"id":2716143}},{"type":"Feature","geometry":{"type":"Point","coordinates":[-122.282731,37.803199]},"properties":{"id":2716144}},{"type":"Feature","geometry":{"type":"Point","coordinates":[-122.279292,37.803223]},"properties":{"id":2716145}},{"type":"Feature","geometry":{"type":"Point","coordinates":[-122.282595,37.803171]},"properties":{"id":2716146}},{"type":"Feature","geometry":{"type":"Point","coordinates":[-122.274853,37.803273]},"properties":{"id":2716147}},{"type":"Feature","geometry":{"type":"Point","coordinates":[-122.280581,37.801262]},"properties":{"id":2716218}},{"type":"Feature","geometry":{"type":"Point","coordinates":[-122.280531,37.801241]},"properties":{"id":2716219}},{"type":"Feature","geometry":{"type":"Point","coordinates":[-122.276208,37.801282]},"properties":{"id":2716220}},{"type":"Feature","geometry":{"type":"Point","coordinates":[-122.280469,37.801205]},"properties":{"id":2716221}},{"type":"Feature","geometry":{"type":"Point","coordinates":[-122.280557,37.801195]},"properties":{"id":2716222}},{"type":"Feature","geometry":{"type":"Point","coordinates":[-122.274485,37.801252]},"properties":{"id":2716223}},{"type":"Feature","geometry":{"type":"Point","coordinates":[-122.276036,37.801211]},"properties":{"id":2716224}},{"type":"Feature","geometry":{"type":"Point","coordinates":[-122.276151,37.801208]},"properties":{"id":2716225}},{"type":"Feature","geometry":{"type":"Point","coordinates":[-122.282243,37.801031]},"properties":{"id":2716226}},{"type":"Feature","geometry":{"type":"Point","coordinates":[-122.282058,37.800965]},"properties":{"id":2716228}},{"type":"Feature","geometry":{"type":"Point","coordinates":[-122.282188,37.800925]},"properties":{"id":2716229}},{"type":"Feature","geometry":{"type":"Point","coordinates":[-122.273403,37.801053]},"properties":{"id":2716230}},{"type":"Feature","geometry":{"type":"Point","coordinates":[-122.284645,37.800875]},"properties":{"id":2715243}},{"type":"Feature","geometry":{"type":"Point","coordinates":[-122.277634,37.80098]},"properties":{"id":2716231}},{"type":"Feature","geometry":{"type":"Point","coordinates":[-122.277751,37.800975]},"properties":{"id":2716232}},{"type":"Feature","geometry":{"type":"Point","coordinates":[-122.273311,37.80101]},"properties":{"id":2716233}},{"type":"Feature","geometry":{"type":"Point","coordinates":[-122.28476,37.800783]},"properties":{"id":2715247}},{"type":"Feature","geometry":{"type":"Point","coordinates":[-122.275005,37.800851]},"properties":{"id":2716234}},{"type":"Feature","geometry":{"type":"Point","coordinates":[-122.283723,37.8007]},"properties":{"id":2715250}},{"type":"Feature","geometry":{"type":"Point","coordinates":[-122.274918,37.80082]},"properties":{"id":2716235}},{"type":"Feature","geometry":{"type":"Point","coordinates":[-122.283529,37.800686]},"properties":{"id":2716236}},{"type":"Feature","geometry":{"type":"Point","coordinates":[-122.283644,37.800634]},"properties":{"id":2715251}},{"type":"Feature","geometry":{"type":"Point","coordinates":[-122.279399,37.800694]},"properties":{"id":2716237}},{"type":"Feature","geometry":{"type":"Point","coordinates":[-122.274956,37.800756]},"properties":{"id":2716238}},{"type":"Feature","geometry":{"type":"Point","coordinates":[-122.28368,37.800624]},"properties":{"id":2715252}},{"type":"Feature","geometry":{"type":"Point","coordinates":[-122.27919,37.800687]},"properties":{"id":2716239}},{"type":"Feature","geometry":{"type":"Point","coordinates":[-122.284883,37.800207]},"properties":{"id":2715268}},{"type":"Feature","geometry":{"type":"Point","coordinates":[-122.282623,37.800239]},"properties":{"id":2716249}},{"type":"Feature","geometry":{"type":"Point","coordinates":[-122.273828,37.800367]},"properties":{"id":2716250}},{"type":"Feature","geometry":{"type":"Point","coordinates":[-122.284984,37.800169]},"properties":{"id":2715269}},{"type":"Feature","geometry":{"type":"Point","coordinates":[-122.278084,37.800267]},"properties":{"id":2716251}},{"type":"Feature","geometry":{"type":"Point","coordinates":[-122.278225,37.800229]},"properties":{"id":2716252}},{"type":"Feature","geometry":{"type":"Point","coordinates":[-122.273587,37.800257]},"properties":{"id":2716254}},{"type":"Feature","geometry":{"type":"Point","coordinates":[-122.283974,37.80004]},"properties":{"id":2715272}},{"type":"Feature","geometry":{"type":"Point","coordinates":[-122.284169,37.800003]},"properties":{"id":2715273}},{"type":"Feature","geometry":{"type":"Point","coordinates":[-122.275452,37.800134]},"properties":{"id":2716255}},{"type":"Feature","geometry":{"type":"Point","coordinates":[-122.279838,37.800006]},"properties":{"id":2716256}},{"type":"Feature","geometry":{"type":"Point","coordinates":[-122.275386,37.800063]},"properties":{"id":2716257}},{"type":"Feature","geometry":{"type":"Point","coordinates":[-122.283899,37.799927]},"properties":{"id":2715274}},{"type":"Feature","geometry":{"type":"Point","coordinates":[-122.283724,37.799929]},"properties":{"id":2715275}},{"type":"Feature","geometry":{"type":"Point","coordinates":[-122.279649,37.79998]},"properties":{"id":2716258}},{"type":"Feature","geometry":{"type":"Point","coordinates":[-122.275287,37.800044]},"properties":{"id":2716259}},{"type":"Feature","geometry":{"type":"Point","coordinates":[-122.277059,37.79991]},"properties":{"id":2716260}},{"type":"Feature","geometry":{"type":"Point","coordinates":[-122.281315,37.799811]},"properties":{"id":2716261}},{"type":"Feature","geometry":{"type":"Point","coordinates":[-122.281442,37.799778]},"properties":{"id":2716262}},{"type":"Feature","geometry":{"type":"Point","coordinates":[-122.276897,37.799845]},"properties":{"id":2716263}},{"type":"Feature","geometry":{"type":"Point","coordinates":[-122.276999,37.799841]},"properties":{"id":2716264}},{"type":"Feature","geometry":{"type":"Point","coordinates":[-122.283066,37.799703]},"properties":{"id":2716266}},{"type":"Feature","geometry":{"type":"Point","coordinates":[-122.282978,37.79967]},"properties":{"id":2716267}},{"type":"Feature","geometry":{"type":"Point","coordinates":[-122.282923,37.799648]},"properties":{"id":2716268}},{"type":"Feature","geometry":{"type":"Point","coordinates":[-122.28301,37.799617]},"properties":{"id":2716269}},{"type":"Feature","geometry":{"type":"Point","coordinates":[-122.282908,37.799616]},"properties":{"id":2716270}},{"type":"Feature","geometry":{"type":"Point","coordinates":[-122.283028,37.799586]},"properties":{"id":2716271}},{"type":"Feature","geometry":{"type":"Point","coordinates":[-122.282804,37.799551]},"properties":{"id":2716272}},{"type":"Feature","geometry":{"type":"Point","coordinates":[-122.274225,37.799657]},"properties":{"id":2716273}},{"type":"Feature","geometry":{"type":"Point","coordinates":[-122.278657,37.799538]},"properties":{"id":2716274}},{"type":"Feature","geometry":{"type":"Point","coordinates":[-122.274206,37.799561]},"properties":{"id":2716276}},{"type":"Feature","geometry":{"type":"Point","coordinates":[-122.278264,37.79948]},"properties":{"id":2716277}},{"type":"Feature","geometry":{"type":"Point","coordinates":[-122.27399,37.799534]},"properties":{"id":2716278}},{"type":"Feature","geometry":{"type":"Point","coordinates":[-122.28009,37.799333]},"properties":{"id":2716279}},{"type":"Feature","geometry":{"type":"Point","coordinates":[-122.275688,37.799398]},"properties":{"id":2716280}},{"type":"Feature","geometry":{"type":"Point","coordinates":[-122.280261,37.799327]},"properties":{"id":2716281}},{"type":"Feature","geometry":{"type":"Point","coordinates":[-122.275879,37.799393]},"properties":{"id":2716282}},{"type":"Feature","geometry":{"type":"Point","coordinates":[-122.27581,37.799394]},"properties":{"id":2716283}},{"type":"Feature","geometry":{"type":"Point","coordinates":[-122.275727,37.799328]},"properties":{"id":2616101}},{"type":"Feature","geometry":{"type":"Point","coordinates":[-122.275865,37.799303]},"properties":{"id":2616102}},{"type":"Feature","geometry":{"type":"Point","coordinates":[-122.284092,37.799176]},"properties":{"id":2615102}},{"type":"Feature","geometry":{"type":"Point","coordinates":[-122.275627,37.799296]},"properties":{"id":2616103}},{"type":"Feature","geometry":{"type":"Point","coordinates":[-122.28192,37.799181]},"properties":{"id":2616104}},{"type":"Feature","geometry":{"type":"Point","coordinates":[-122.284208,37.799116]},"properties":{"id":2615103}},{"type":"Feature","geometry":{"type":"Point","coordinates":[-122.281731,37.799111]},"properties":{"id":2616105}},{"type":"Feature","geometry":{"type":"Point","coordinates":[-122.281876,37.799085]},"properties":{"id":2616106}},{"type":"Feature","geometry":{"type":"Point","coordinates":[-122.2775,37.799059]},"properties":{"id":2616107}},{"type":"Feature","geometry":{"type":"Point","coordinates":[-122.283604,37.798886]},"properties":{"id":2615108}},{"type":"Feature","geometry":{"type":"Point","coordinates":[-122.283584,37.798877]},"properties":{"id":2616108}},{"type":"Feature","geometry":{"type":"Point","coordinates":[-122.274701,37.798995]},"properties":{"id":2616109}},{"type":"Feature","geometry":{"type":"Point","coordinates":[-122.283497,37.798844]},"properties":{"id":2616111}},{"type":"Feature","geometry":{"type":"Point","coordinates":[-122.280807,37.798756]},"properties":{"id":2616112}},{"type":"Feature","geometry":{"type":"Point","coordinates":[-122.274671,37.79884]},"properties":{"id":2616114}},{"type":"Feature","geometry":{"type":"Point","coordinates":[-122.280542,37.798704]},"properties":{"id":2616115}},{"type":"Feature","geometry":{"type":"Point","coordinates":[-122.277728,37.798695]},"properties":{"id":2616117}},{"type":"Feature","geometry":{"type":"Point","coordinates":[-122.280605,37.798633]},"properties":{"id":2616118}},{"type":"Feature","geometry":{"type":"Point","coordinates":[-122.280506,37.798622]},"properties":{"id":2616119}},{"type":"Feature","geometry":{"type":"Point","coordinates":[-122.280698,37.798618]},"properties":{"id":2616120}},{"type":"Feature","geometry":{"type":"Point","coordinates":[-122.274291,37.798711]},"properties":{"id":2616121}},{"type":"Feature","geometry":{"type":"Point","coordinates":[-122.276373,37.79865]},"properties":{"id":2616122}},{"type":"Feature","geometry":{"type":"Point","coordinates":[-122.28454,37.79851]},"properties":{"id":2615111}},{"type":"Feature","geometry":{"type":"Point","coordinates":[-122.27616,37.798634]},"properties":{"id":2616124}},{"type":"Feature","geometry":{"type":"Point","coordinates":[-122.276406,37.798627]},"properties":{"id":2616125}},{"type":"Feature","geometry":{"type":"Point","coordinates":[-122.284359,37.798472]},"properties":{"id":2615112}},{"type":"Feature","geometry":{"type":"Point","coordinates":[-122.276303,37.798592]},"properties":{"id":2616126}},{"type":"Feature","geometry":{"type":"Point","coordinates":[-122.282365,37.7985]},"properties":{"id":2616127}},{"type":"Feature","geometry":{"type":"Point","coordinates":[-122.284561,37.798451]},"properties":{"id":2615113}},{"type":"Feature","geometry":{"type":"Point","coordinates":[-122.284456,37.798423]},"properties":{"id":2615114}},{"type":"Feature","geometry":{"type":"Point","coordinates":[-122.282172,37.798432]},"properties":{"id":2616128}},{"type":"Feature","geometry":{"type":"Point","coordinates":[-122.284363,37.798385]},"properties":{"id":2615115}},{"type":"Feature","geometry":{"type":"Point","coordinates":[-122.284586,37.798369]},"properties":{"id":2615116}},{"type":"Feature","geometry":{"type":"Point","coordinates":[-122.282318,37.798382]},"properties":{"id":2616129}},{"type":"Feature","geometry":{"type":"Point","coordinates":[-122.282461,37.798369]},"properties":{"id":2616130}},{"type":"Feature","geometry":{"type":"Point","coordinates":[-122.283898,37.798301]},"properties":{"id":2615117}},{"type":"Feature","geometry":{"type":"Point","coordinates":[-122.277899,37.798384]},"properties":{"id":2616131}},{"type":"Feature","geometry":{"type":"Point","coordinates":[-122.282243,37.798295]},"properties":{"id":2616132}},{"type":"Feature","geometry":{"type":"Point","coordinates":[-122.283897,37.798219]},"properties":{"id":2615118}},{"type":"Feature","geometry":{"type":"Point","coordinates":[-122.279605,37.79828]},"properties":{"id":2616133}},{"type":"Feature","geometry":{"type":"Point","coordinates":[-122.279433,37.798276]},"properties":{"id":2616134}},{"type":"Feature","geometry":{"type":"Point","coordinates":[-122.283841,37.798188]},"properties":{"id":2615119}},{"type":"Feature","geometry":{"type":"Point","coordinates":[-122.276489,37.798288]},"properties":{"id":2616135}},{"type":"Feature","geometry":{"type":"Point","coordinates":[-122.279339,37.798232]},"properties":{"id":2616136}},{"type":"Feature","geometry":{"type":"Point","coordinates":[-122.275122,37.79829]},"properties":{"id":2616137}},{"type":"Feature","geometry":{"type":"Point","coordinates":[-122.275031,37.798264]},"properties":{"id":2616138}},{"type":"Feature","geometry":{"type":"Point","coordinates":[-122.279318,37.79815]},"properties":{"id":2616139}},{"type":"Feature","geometry":{"type":"Point","coordinates":[-122.281149,37.798081]},"properties":{"id":2616140}},{"type":"Feature","geometry":{"type":"Point","coordinates":[-122.279344,37.7981]},"properties":{"id":2616141}},{"type":"Feature","geometry":{"type":"Point","coordinates":[-122.274752,37.798155]},"properties":{"id":2616142}},{"type":"Feature","geometry":{"type":"Point","coordinates":[-122.280942,37.798023]},"properties":{"id":2616143}},{"type":"Feature","geometry":{"type":"Point","coordinates":[-122.276738,37.798067]},"properties":{"id":2616144}},{"type":"Feature","geometry":{"type":"Point","coordinates":[-122.281094,37.797976]},"properties":{"id":2616145}},{"type":"Feature","geometry":{"type":"Point","coordinates":[-122.284747,37.797906]},"properties":{"id":2615120}},{"type":"Feature","geometry":{"type":"Point","coordinates":[-122.281118,37.797938]},"properties":{"id":2616146}},{"type":"Feature","geometry":{"type":"Point","coordinates":[-122.281169,37.797926]},"properties":{"id":2616147}},{"type":"Feature","geometry":{"type":"Point","coordinates":[-122.281133,37.797911]},"properties":{"id":2616148}},{"type":"Feature","geometry":{"type":"Point","coordinates":[-122.276581,37.797944]},"properties":{"id":2616150}},{"type":"Feature","geometry":{"type":"Point","coordinates":[-122.282744,37.797842]},"properties":{"id":2616151}},{"type":"Feature","geometry":{"type":"Point","coordinates":[-122.276716,37.79792]},"properties":{"id":2616152}},{"type":"Feature","geometry":{"type":"Point","coordinates":[-122.284683,37.797783]},"properties":{"id":2615122}},{"type":"Feature","geometry":{"type":"Point","coordinates":[-122.282667,37.797799]},"properties":{"id":2616153}},{"type":"Feature","geometry":{"type":"Point","coordinates":[-122.282601,37.797785]},"properties":{"id":2616154}},{"type":"Feature","geometry":{"type":"Point","coordinates":[-122.278349,37.79782]},"properties":{"id":2616155}},{"type":"Feature","geometry":{"type":"Point","coordinates":[-122.282605,37.797755]},"properties":{"id":2616156}},{"type":"Feature","geometry":{"type":"Point","coordinates":[-122.278267,37.797784]},"properties":{"id":2616158}},{"type":"Feature","geometry":{"type":"Point","coordinates":[-122.278285,37.797751]},"properties":{"id":2616159}},{"type":"Feature","geometry":{"type":"Point","coordinates":[-122.278187,37.797708]},"properties":{"id":2616160}},{"type":"Feature","geometry":{"type":"Point","coordinates":[-122.2737,37.797683]},"properties":{"id":2616161}},{"type":"Feature","geometry":{"type":"Point","coordinates":[-122.273843,37.797643]},"properties":{"id":2616163}},{"type":"Feature","geometry":{"type":"Point","coordinates":[-122.275542,37.797605]},"properties":{"id":2616164}},{"type":"Feature","geometry":{"type":"Point","coordinates":[-122.279801,37.797501]},"properties":{"id":2616165}},{"type":"Feature","geometry":{"type":"Point","coordinates":[-122.275484,37.797521]},"properties":{"id":2616166}},{"type":"Feature","geometry":{"type":"Point","coordinates":[-122.279953,37.797446]},"properties":{"id":2616167}},{"type":"Feature","geometry":{"type":"Point","coordinates":[-122.277502,37.797445]},"properties":{"id":2616168}},{"type":"Feature","geometry":{"type":"Point","coordinates":[-122.277537,37.797392]},"properties":{"id":2616170}},{"type":"Feature","geometry":{"type":"Point","coordinates":[-122.281553,37.797302]},"properties":{"id":2616171}},{"type":"Feature","geometry":{"type":"Point","coordinates":[-122.277181,37.797333]},"properties":{"id":2616172}},{"type":"Feature","geometry":{"type":"Point","coordinates":[-122.281361,37.797265]},"properties":{"id":2616173}},{"type":"Feature","geometry":{"type":"Point","coordinates":[-122.277088,37.797327]},"properties":{"id":2616174}},{"type":"Feature","geometry":{"type":"Point","coordinates":[-122.277009,37.797301]},"properties":{"id":2616175}},{"type":"Feature","geometry":{"type":"Point","coordinates":[-122.275356,37.797303]},"properties":{"id":2616176}},{"type":"Feature","geometry":{"type":"Point","coordinates":[-122.281742,37.797114]},"properties":{"id":2616177}},{"type":"Feature","geometry":{"type":"Point","coordinates":[-122.281676,37.797102]},"properties":{"id":2616178}},{"type":"Feature","geometry":{"type":"Point","coordinates":[-122.278782,37.797125]},"properties":{"id":2616179}},{"type":"Feature","geometry":{"type":"Point","coordinates":[-122.284971,37.797]},"properties":{"id":2615124}},{"type":"Feature","geometry":{"type":"Point","coordinates":[-122.281567,37.79704]},"properties":{"id":2616180}},{"type":"Feature","geometry":{"type":"Point","coordinates":[-122.284892,37.796977]},"properties":{"id":2615125}},{"type":"Feature","geometry":{"type":"Point","coordinates":[-122.278712,37.797063]},"properties":{"id":2616181}},{"type":"Feature","geometry":{"type":"Point","coordinates":[-122.278613,37.79706]},"properties":{"id":2616182}},{"type":"Feature","geometry":{"type":"Point","coordinates":[-122.278765,37.796983]},"properties":{"id":2616183}},{"type":"Feature","geometry":{"type":"Point","coordinates":[-122.274238,37.797002]},"properties":{"id":2616184}},{"type":"Feature","geometry":{"type":"Point","coordinates":[-122.280382,37.796904]},"properties":{"id":2616185}},{"type":"Feature","geometry":{"type":"Point","coordinates":[-122.280307,37.796876]},"properties":{"id":2616186}},{"type":"Feature","geometry":{"type":"Point","coordinates":[-122.274263,37.796961]},"properties":{"id":2616187}},{"type":"Feature","geometry":{"type":"Point","coordinates":[-122.275979,37.796925]},"properties":{"id":2616188}},{"type":"Feature","geometry":{"type":"Point","coordinates":[-122.28023,37.796842]},"properties":{"id":2616189}},{"type":"Feature","geometry":{"type":"Point","coordinates":[-122.274088,37.796894]},"properties":{"id":2616190}},{"type":"Feature","geometry":{"type":"Point","coordinates":[-122.275913,37.796826]},"properties":{"id":2616191}},{"type":"Feature","geometry":{"type":"Point","coordinates":[-122.275685,37.796735]},"properties":{"id":2616192}},{"type":"Feature","geometry":{"type":"Point","coordinates":[-122.276101,37.79668]},"properties":{"id":2616194}},{"type":"Feature","geometry":{"type":"Point","coordinates":[-122.276024,37.796646]},"properties":{"id":2616195}},{"type":"Feature","geometry":{"type":"Point","coordinates":[-122.277447,37.796571]},"properties":{"id":2616196}},{"type":"Feature","geometry":{"type":"Point","coordinates":[-122.273167,37.796597]},"properties":{"id":2616197}},{"type":"Feature","geometry":{"type":"Point","coordinates":[-122.277589,37.796527]},"properties":{"id":2616198}},{"type":"Feature","geometry":{"type":"Point","coordinates":[-122.273455,37.796546]},"properties":{"id":2616199}},{"type":"Feature","geometry":{"type":"Point","coordinates":[-122.279209,37.796447]},"properties":{"id":2616200}},{"type":"Feature","geometry":{"type":"Point","coordinates":[-122.273162,37.796518]},"properties":{"id":2616201}},{"type":"Feature","geometry":{"type":"Point","coordinates":[-122.274997,37.796463]},"properties":{"id":2616202}},{"type":"Feature","geometry":{"type":"Point","coordinates":[-122.279049,37.796387]},"properties":{"id":2616204}},{"type":"Feature","geometry":{"type":"Point","coordinates":[-122.274651,37.796345]},"properties":{"id":2616205}},{"type":"Feature","geometry":{"type":"Point","coordinates":[-122.279243,37.796211]},"properties":{"id":2616206}},{"type":"Feature","geometry":{"type":"Point","coordinates":[-122.276395,37.796232]},"properties":{"id":2616207}},{"type":"Feature","geometry":{"type":"Point","coordinates":[-122.276334,37.796145]},"properties":{"id":2616208}},{"type":"Feature","geometry":{"type":"Point","coordinates":[-122.276158,37.79607]},"properties":{"id":2616209}},{"type":"Feature","geometry":{"type":"Point","coordinates":[-122.278043,37.796012]},"properties":{"id":2616211}},{"type":"Feature","geometry":{"type":"Point","coordinates":[-122.274093,37.796068]},"properties":{"id":2616212}},{"type":"Feature","geometry":{"type":"Point","coordinates":[-122.277945,37.795964]},"properties":{"id":2616213}},{"type":"Feature","geometry":{"type":"Point","coordinates":[-122.282442,37.795871]},"properties":{"id":2616214}},{"type":"Feature","geometry":{"type":"Point","coordinates":[-122.277842,37.795929]},"properties":{"id":2616215}},{"type":"Feature","geometry":{"type":"Point","coordinates":[-122.273613,37.795929]},"properties":{"id":2616216}},{"type":"Feature","geometry":{"type":"Point","coordinates":[-122.273599,37.79583]},"properties":{"id":2616217}},{"type":"Feature","geometry":{"type":"Point","coordinates":[-122.277992,37.795576]},"properties":{"id":2616219}},{"type":"Feature","geometry":{"type":"Point","coordinates":[-122.275001,37.79561]},"properties":{"id":2616220}},{"type":"Feature","geometry":{"type":"Point","coordinates":[-122.275128,37.795576]},"properties":{"id":2616221}},{"type":"Feature","geometry":{"type":"Point","coordinates":[-122.276796,37.795538]},"properties":{"id":2616222}},{"type":"Feature","geometry":{"type":"Point","coordinates":[-122.275141,37.795553]},"properties":{"id":2616223}},{"type":"Feature","geometry":{"type":"Point","coordinates":[-122.276951,37.795508]},"properties":{"id":2616224}},{"type":"Feature","geometry":{"type":"Point","coordinates":[-122.276817,37.795476]},"properties":{"id":2616225}},{"type":"Feature","geometry":{"type":"Point","coordinates":[-122.276872,37.79547]},"properties":{"id":2616226}},{"type":"Feature","geometry":{"type":"Point","coordinates":[-122.275907,37.795455]},"properties":{"id":2616227}},{"type":"Feature","geometry":{"type":"Point","coordinates":[-122.278459,37.795317]},"properties":{"id":2616228}},{"type":"Feature","geometry":{"type":"Point","coordinates":[-122.278251,37.795173]},"properties":{"id":2616229}},{"type":"Feature","geometry":{"type":"Point","coordinates":[-122.274019,37.795215]},"properties":{"id":2616230}},{"type":"Feature","geometry":{"type":"Point","coordinates":[-122.274022,37.795145]},"properties":{"id":2616231}},{"type":"Feature","geometry":{"type":"Point","coordinates":[-122.274032,37.795117]},"properties":{"id":2616232}},{"type":"Feature","geometry":{"type":"Point","coordinates":[-122.273883,37.795057]},"properties":{"id":2616233}},{"type":"Feature","geometry":{"type":"Point","coordinates":[-122.275672,37.795027]},"properties":{"id":2616234}},{"type":"Feature","geometry":{"type":"Point","coordinates":[-122.275553,37.794981]},"properties":{"id":2616235}},{"type":"Feature","geometry":{"type":"Point","coordinates":[-122.277166,37.794943]},"properties":{"id":2616236}},{"type":"Feature","geometry":{"type":"Point","coordinates":[-122.276845,37.794907]},"properties":{"id":2616237}},{"type":"Feature","geometry":{"type":"Point","coordinates":[-122.275396,37.794913]},"properties":{"id":2616238}},{"type":"Feature","geometry":{"type":"Point","coordinates":[-122.278329,37.794731]},"properties":{"id":2616240}},{"type":"Feature","geometry":{"type":"Point","coordinates":[-122.273172,37.79478]},"properties":{"id":2616242}},{"type":"Feature","geometry":{"type":"Point","coordinates":[-122.273193,37.794766]},"properties":{"id":2616243}},{"type":"Feature","geometry":{"type":"Point","coordinates":[-122.277403,37.794661]},"properties":{"id":2616244}},{"type":"Feature","geometry":{"type":"Point","coordinates":[-122.277352,37.794643]},"properties":{"id":2616245}},{"type":"Feature","geometry":{"type":"Point","coordinates":[-122.274405,37.794596]},"properties":{"id":2616246}},{"type":"Feature","geometry":{"type":"Point","coordinates":[-122.274425,37.794549]},"properties":{"id":2616247}},{"type":"Feature","geometry":{"type":"Point","coordinates":[-122.274215,37.79453]},"properties":{"id":2616248}},{"type":"Feature","geometry":{"type":"Point","coordinates":[-122.276945,37.794485]},"properties":{"id":2616249}},{"type":"Feature","geometry":{"type":"Point","coordinates":[-122.274196,37.794522]},"properties":{"id":2616250}},{"type":"Feature","geometry":{"type":"Point","coordinates":[-122.277476,37.794446]},"properties":{"id":2616251}},{"type":"Feature","geometry":{"type":"Point","coordinates":[-122.274254,37.794468]},"properties":{"id":2616252}},{"type":"Feature","geometry":{"type":"Point","coordinates":[-122.277333,37.794421]},"properties":{"id":2616253}},{"type":"Feature","geometry":{"type":"Point","coordinates":[-122.274206,37.794446]},"properties":{"id":2616254}},{"type":"Feature","geometry":{"type":"Point","coordinates":[-122.27602,37.79436]},"properties":{"id":2616255}},{"type":"Feature","geometry":{"type":"Point","coordinates":[-122.274604,37.794358]},"properties":{"id":2616256}},{"type":"Feature","geometry":{"type":"Point","coordinates":[-122.275953,37.794332]},"properties":{"id":2616257}},{"type":"Feature","geometry":{"type":"Point","coordinates":[-122.277411,37.794288]},"properties":{"id":2616258}},{"type":"Feature","geometry":{"type":"Point","coordinates":[-122.274369,37.794284]},"properties":{"id":2616260}},{"type":"Feature","geometry":{"type":"Point","coordinates":[-122.274385,37.794256]},"properties":{"id":2616261}},{"type":"Feature","geometry":{"type":"Point","coordinates":[-122.274262,37.794239]},"properties":{"id":2616262}},{"type":"Feature","geometry":{"type":"Point","coordinates":[-122.274402,37.79423]},"properties":{"id":2616263}},{"type":"Feature","geometry":{"type":"Point","coordinates":[-122.276179,37.794195]},"properties":{"id":2616264}},{"type":"Feature","geometry":{"type":"Point","coordinates":[-122.277151,37.794169]},"properties":{"id":2616265}},{"type":"Feature","geometry":{"type":"Point","coordinates":[-122.275973,37.794072]},"properties":{"id":2616266}},{"type":"Feature","geometry":{"type":"Point","coordinates":[-122.273104,37.794108]},"properties":{"id":2616267}},{"type":"Feature","geometry":{"type":"Point","coordinates":[-122.273102,37.794028]},"properties":{"id":2616268}},{"type":"Feature","geometry":{"type":"Point","coordinates":[-122.276338,37.793922]},"properties":{"id":2616269}},{"type":"Feature","geometry":{"type":"Point","coordinates":[-122.275069,37.793908]},"properties":{"id":2616271}},{"type":"Feature","geometry":{"type":"Point","coordinates":[-122.274785,37.793896]},"properties":{"id":2516101}},{"type":"Feature","geometry":{"type":"Point","coordinates":[-122.274713,37.79387]},"properties":{"id":2516102}},{"type":"Feature","geometry":{"type":"Point","coordinates":[-122.27466,37.793801]},"properties":{"id":2516103}},{"type":"Feature","geometry":{"type":"Point","coordinates":[-122.274685,37.793758]},"properties":{"id":2516104}},{"type":"Feature","geometry":{"type":"Point","coordinates":[-122.275223,37.792906]},"properties":{"id":2516105}},{"type":"Feature","geometry":{"type":"Point","coordinates":[-122.273052,37.79198]},"properties":{"id":2516106}},{"type":"Feature","geometry":{"type":"Point","coordinates":[-122.25614,37.809066]},"properties":{"id":2818127}},{"type":"Feature","geometry":{"type":"Point","coordinates":[-122.256033,37.809057]},"properties":{"id":2818129}},{"type":"Feature","geometry":{"type":"Point","coordinates":[-122.255002,37.808217]},"properties":{"id":2818136}},{"type":"Feature","geometry":{"type":"Point","coordinates":[-122.255922,37.80735]},"properties":{"id":2818147}},{"type":"Feature","geometry":{"type":"Point","coordinates":[-122.256022,37.807496]},"properties":{"id":2818164}},{"type":"Feature","geometry":{"type":"Point","coordinates":[-122.255951,37.80743]},"properties":{"id":2818143}},{"type":"Feature","geometry":{"type":"Point","coordinates":[-122.256014,37.807531]},"properties":{"id":2818163}},{"type":"Feature","geometry":{"type":"Point","coordinates":[-122.255212,37.807732]},"properties":{"id":2818141}},{"type":"Feature","geometry":{"type":"Point","coordinates":[-122.255961,37.807407]},"properties":{"id":2818144}},{"type":"Feature","geometry":{"type":"Point","coordinates":[-122.263558,37.791029]},"properties":{"id":7000109}},{"type":"Feature","geometry":{"type":"Point","coordinates":[-122.259423,37.79909]},"properties":{"id":7000110}},{"type":"Feature","geometry":{"type":"Point","coordinates":[-122.266096,37.793576]},"properties":{"id":6000139}},{"type":"Feature","geometry":{"type":"Point","coordinates":[-122.255523,37.800124]},"properties":{"id":9000908}},{"type":"Feature","geometry":{"type":"Point","coordinates":[-122.281826,37.808787]},"properties":{"id":2816286}},{"type":"Feature","geometry":{"type":"Point","coordinates":[-122.269324,37.790799]},"properties":{"id":2517186}},{"type":"Feature","geometry":{"type":"Point","coordinates":[-122.263396,37.809332]},"properties":{"id":2817149}},{"type":"Feature","geometry":{"type":"Point","coordinates":[-122.261302,37.799044]},"properties":{"id":2618268}},{"type":"Feature","geometry":{"type":"Point","coordinates":[-122.260897,37.798978]},"properties":{"id":2618139}},{"type":"Feature","geometry":{"type":"Point","coordinates":[-122.266651,37.797405]},"properties":{"id":2617166}},{"type":"Feature","geometry":{"type":"Point","coordinates":[-122.264287,37.796623]},"properties":{"id":2617185}},{"type":"Feature","geometry":{"type":"Point","coordinates":[-122.266356,37.79569]},"properties":{"id":2617209}},{"type":"Feature","geometry":{"type":"Point","coordinates":[-122.283007,37.805687]},"properties":{"id":2816288}},{"type":"Feature","geometry":{"type":"Point","coordinates":[-122.267445,37.793712]},"properties":{"id":2517199}},{"type":"Feature","geometry":{"type":"Point","coordinates":[-122.273897,37.8063]},"properties":{"id":2816283}},{"type":"Feature","geometry":{"type":"Point","coordinates":[-122.276778,37.805073]},"properties":{"id":2816293}},{"type":"Feature","geometry":{"type":"Point","coordinates":[-122.275937,37.806092]},"properties":{"id":2816282}},{"type":"Feature","geometry":{"type":"Point","coordinates":[-122.276681,37.807231]},"properties":{"id":2816295}},{"type":"Feature","geometry":{"type":"Point","coordinates":[-122.276482,37.80759]},"properties":{"id":2816296}},{"type":"Feature","geometry":{"type":"Point","coordinates":[-122.276239,37.80786]},"properties":{"id":2816297}},{"type":"Feature","geometry":{"type":"Point","coordinates":[-122.279363,37.807636]},"properties":{"id":2816294}},{"type":"Feature","geometry":{"type":"Point","coordinates":[-122.278959,37.808179]},"properties":{"id":2816290}},{"type":"Feature","geometry":{"type":"Point","coordinates":[-122.281826,37.808787]},"properties":{"id":2816299}},{"type":"Feature","geometry":{"type":"Point","coordinates":[-122.282397,37.807165]},"properties":{"id":2816285}},{"type":"Feature","geometry":{"type":"Point","coordinates":[-122.283585,37.807274]},"properties":{"id":2816284}},{"type":"Feature","geometry":{"type":"Point","coordinates":[-122.282766,37.809223]},"properties":{"id":9000927}},{"type":"Feature","geometry":{"type":"Point","coordinates":[-122.272305,37.802676]},"properties":{"id":9000931}},{"type":"Feature","geometry":{"type":"Point","coordinates":[-122.267736,37.800526]},"properties":{"id":9000933}},{"type":"Feature","geometry":{"type":"Point","coordinates":[-122.269532,37.799304]},"properties":{"id":9000934}},{"type":"Feature","geometry":{"type":"Point","coordinates":[-122.262576,37.799507]},"properties":{"id":9000935}},{"type":"Feature","geometry":{"type":"Point","coordinates":[-122.262677,37.799166]},"properties":{"id":9000936}},{"type":"Feature","geometry":{"type":"Point","coordinates":[-122.266431,37.792589]},"properties":{"id":9000941}},{"type":"Feature","geometry":{"type":"Point","coordinates":[-122.271938,37.8063]},"properties":{"id":2817238}},{"type":"Feature","geometry":{"type":"Point","coordinates":[-122.271914,37.806225]},"properties":{"id":2817241}},{"type":"Feature","geometry":{"type":"Point","coordinates":[-122.255423,37.797226]},"properties":{"id":2618198}},{"type":"Feature","geometry":{"type":"Point","coordinates":[-122.255829,37.793112]},"properties":{"id":2518121}},{"type":"Feature","geometry":{"type":"Point","coordinates":[-122.272347,37.792775]},"properties":{"id":2517135}},{"type":"Feature","geometry":{"type":"Point","coordinates":[-122.257967,37.792922]},"properties":{"id":2518126}},{"type":"Feature","geometry":{"type":"Point","coordinates":[-122.272814,37.794769]},"properties":{"id":2617241}},{"type":"Feature","geometry":{"type":"Point","coordinates":[-122.257568,37.791704]},"properties":{"id":2518158}},{"type":"Feature","geometry":{"type":"Point","coordinates":[-122.264809,37.809693]},"properties":{"id":2817135}},{"type":"Feature","geometry":{"type":"Point","coordinates":[-122.269224,37.80269]},"properties":{"id":2717144}},{"type":"Feature","geometry":{"type":"Point","coordinates":[-122.2708,37.802333]},"properties":{"id":2717153}},{"type":"Feature","geometry":{"type":"Point","coordinates":[-122.266524,37.806742]},"properties":{"id":2817229}},{"type":"Feature","geometry":{"type":"Point","coordinates":[-122.269964,37.8083]},"properties":{"id":2817178}},{"type":"Feature","geometry":{"type":"Point","coordinates":[-122.265965,37.808291]},"properties":{"id":2817182}},{"type":"Feature","geometry":{"type":"Point","coordinates":[-122.27134,37.804304]},"properties":{"id":2717112}},{"type":"Feature","geometry":{"type":"Point","coordinates":[-122.271609,37.803463]},"properties":{"id":2717128}},{"type":"Feature","geometry":{"type":"Point","coordinates":[-122.268955,37.803382]},"properties":{"id":2717132}},{"type":"Feature","geometry":{"type":"Point","coordinates":[-122.267285,37.801061]},"properties":{"id":2717195}},{"type":"Feature","geometry":{"type":"Point","coordinates":[-122.259096,37.798065]},"properties":{"id":2618167}},{"type":"Feature","geometry":{"type":"Point","coordinates":[-122.273088,37.800025]},"properties":{"id":2717232}},{"type":"Feature","geometry":{"type":"Point","coordinates":[-122.264807,37.799136]},"properties":{"id":2617126}},{"type":"Feature","geometry":{"type":"Point","coordinates":[-122.269013,37.798489]},"properties":{"id":2617138}},{"type":"Feature","geometry":{"type":"Point","coordinates":[-122.272539,37.799779]},"properties":{"id":2717239}},{"type":"Feature","geometry":{"type":"Point","coordinates":[-122.259531,37.798446]},"properties":{"id":2618146}},{"type":"Feature","geometry":{"type":"Point","coordinates":[-122.26119,37.798251]},"properties":{"id":2618155}},{"type":"Feature","geometry":{"type":"Point","coordinates":[-122.272735,37.797208]},"properties":{"id":2617169}},{"type":"Feature","geometry":{"type":"Point","coordinates":[-122.2699,37.794668]},"properties":{"id":2617249}},{"type":"Feature","geometry":{"type":"Point","coordinates":[-122.265825,37.794131]},"properties":{"id":2617274}},{"type":"Feature","geometry":{"type":"Point","coordinates":[-122.268922,37.794004]},"properties":{"id":2617278}},{"type":"Feature","geometry":{"type":"Point","coordinates":[-122.255971,37.807437]},"properties":{"id":0}},{"type":"Feature","geometry":{"type":"Point","coordinates":[-122.270739,37.79558]},"properties":{"id":2617210}},{"type":"Feature","geometry":{"type":"Point","coordinates":[-122.265096,37.793785]},"properties":{"id":2517107}},{"type":"Feature","geometry":{"type":"Point","coordinates":[-122.258128,37.792501]},"properties":{"id":2518133}},{"type":"Feature","geometry":{"type":"Point","coordinates":[-122.264444,37.791062]},"properties":{"id":2517169}},{"type":"Feature","geometry":{"type":"Point","coordinates":[-122.262227,37.799707]},"properties":{"id":2618265}},{"type":"Feature","geometry":{"type":"Point","coordinates":[-122.26841,37.794769]},"properties":{"id":2617324}},{"type":"Feature","geometry":{"type":"Point","coordinates":[-122.269359,37.793168]},"properties":{"id":2517198}},{"type":"Feature","geometry":{"type":"Point","coordinates":[-122.266534,37.791507]},"properties":{"id":2517210}},{"type":"Feature","geometry":{"type":"Point","coordinates":[-122.274811,37.800696]},"properties":{"id":2716240}},{"type":"Feature","geometry":{"type":"Point","coordinates":[-122.281017,37.800467]},"properties":{"id":2716244}},{"type":"Feature","geometry":{"type":"Point","coordinates":[-122.282079,37.805035]},"properties":{"id":2816273}},{"type":"Feature","geometry":{"type":"Point","coordinates":[-122.275027,37.807434]},"properties":{"id":2816196}},{"type":"Feature","geometry":{"type":"Point","coordinates":[-122.281291,37.802203]},"properties":{"id":2716187}},{"type":"Feature","geometry":{"type":"Point","coordinates":[-122.276306,37.802997]},"properties":{"id":2716158}},{"type":"Feature","geometry":{"type":"Point","coordinates":[-122.275596,37.801882]},"properties":{"id":2716202}},{"type":"Feature","geometry":{"type":"Point","coordinates":[-122.283133,37.801566]},"properties":{"id":2716208}},{"type":"Feature","geometry":{"type":"Point","coordinates":[-122.278134,37.809494]},"properties":{"id":2816125}},{"type":"Feature","geometry":{"type":"Point","coordinates":[-122.27565,37.809422]},"properties":{"id":2816129}},{"type":"Feature","geometry":{"type":"Point","coordinates":[-122.278327,37.80788]},"properties":{"id":2816183}},{"type":"Feature","geometry":{"type":"Point","coordinates":[-122.2845,37.807585]},"properties":{"id":2815183}},{"type":"Feature","geometry":{"type":"Point","coordinates":[-122.28191,37.808572]},"properties":{"id":2816153}},{"type":"Feature","geometry":{"type":"Point","coordinates":[-122.282724,37.802057]},"properties":{"id":2716190}},{"type":"Feature","geometry":{"type":"Point","coordinates":[-122.281928,37.808459]},"properties":{"id":2816159}},{"type":"Feature","geometry":{"type":"Point","coordinates":[-122.27458,37.808122]},"properties":{"id":2816174}},{"type":"Feature","geometry":{"type":"Point","coordinates":[-122.273907,37.806991]},"properties":{"id":2816209}},{"type":"Feature","geometry":{"type":"Point","coordinates":[-122.275415,37.806801]},"properties":{"id":2816214}},{"type":"Feature","geometry":{"type":"Point","coordinates":[-122.277328,37.806569]},"properties":{"id":2816219}},{"type":"Feature","geometry":{"type":"Point","coordinates":[-122.278433,37.804592]},"properties":{"id":2716103}},{"type":"Feature","geometry":{"type":"Point","coordinates":[-122.284646,37.804178]},"properties":{"id":2715117}},{"type":"Feature","geometry":{"type":"Point","coordinates":[-122.27887,37.803903]},"properties":{"id":2716122}},{"type":"Feature","geometry":{"type":"Point","coordinates":[-122.276428,37.803311]},"properties":{"id":2716141}},{"type":"Feature","geometry":{"type":"Point","coordinates":[-122.274467,37.801426]},"properties":{"id":2716217}},{"type":"Feature","geometry":{"type":"Point","coordinates":[-122.277881,37.801045]},"properties":{"id":2716227}},{"type":"Feature","geometry":{"type":"Point","coordinates":[-122.273754,37.800287]},"properties":{"id":2716253}},{"type":"Feature","geometry":{"type":"Point","coordinates":[-122.283248,37.79972]},"properties":{"id":2716265}},{"type":"Feature","geometry":{"type":"Point","coordinates":[-122.278667,37.79952]},"properties":{"id":2716275}},{"type":"Feature","geometry":{"type":"Point","coordinates":[-122.283376,37.798854]},"properties":{"id":2616110}},{"type":"Feature","geometry":{"type":"Point","coordinates":[-122.276357,37.798747]},"properties":{"id":2616116}},{"type":"Feature","geometry":{"type":"Point","coordinates":[-122.276428,37.798637]},"properties":{"id":2616123}},{"type":"Feature","geometry":{"type":"Point","coordinates":[-122.284579,37.797865]},"properties":{"id":2615121}},{"type":"Feature","geometry":{"type":"Point","coordinates":[-122.282709,37.797744]},"properties":{"id":2616157}},{"type":"Feature","geometry":{"type":"Point","coordinates":[-122.279996,37.79758]},"properties":{"id":2616162}},{"type":"Feature","geometry":{"type":"Point","coordinates":[-122.281635,37.797367]},"properties":{"id":2616169}},{"type":"Feature","geometry":{"type":"Point","coordinates":[-122.277593,37.796686]},"properties":{"id":2616193}},{"type":"Feature","geometry":{"type":"Point","coordinates":[-122.279129,37.796398]},"properties":{"id":2616203}},{"type":"Feature","geometry":{"type":"Point","coordinates":[-122.276394,37.796041]},"properties":{"id":2616210}},{"type":"Feature","geometry":{"type":"Point","coordinates":[-122.275179,37.795676]},"properties":{"id":2616218}},{"type":"Feature","geometry":{"type":"Point","coordinates":[-122.275828,37.794283]},"properties":{"id":2616259}},{"type":"Feature","geometry":{"type":"Point","coordinates":[-122.27469,37.79392]},"properties":{"id":2616270}},{"type":"Feature","geometry":{"type":"Point","coordinates":[-122.256298,37.806891]},"properties":{"id":2818152}},{"type":"Feature","geometry":{"type":"Point","coordinates":[-122.255934,37.807601]},"properties":{"id":2818142}},{"type":"Feature","geometry":{"type":"Point","coordinates":[-122.269545,37.799309]},"properties":{"id":2617113}},{"type":"Feature","geometry":{"type":"Point","coordinates":[-122.274069,37.80913]},"properties":{"id":2816292}},{"type":"Feature","geometry":{"type":"Point","coordinates":[-122.271583,37.801984]},"properties":{"id":9000932}}]}
